station_abbr,reference_timestamp,tre200d0,tre200dx,tre200dn,tre005d0,tre005dx,tre005dn,ure200d0,pva200d0,prestad0,pp0qffd0,ppz850d0,ppz700d0,pp0qnhd0,fkl010d0,fkl010d1,fu3010d0,fu3010d1,fkl010d3,fu3010d3,wcc006d0,rre150d0,rka150d0,htoautd0,gre000d0,oli000d0,olo000d0,osr000d0,ods000d0,sre000d0,sremaxdv,erefaod0,xcd000d0,dkl010d0,xno000d0,xno012d0,rreetsd0,tso005d0,tso010d0,tso020d0
AND,2025-01-01,-1.1,5.0,-6.1,,,,62.9,3.5,912.4,,1549.8,,1026.9,0.5,3.8,1.8,13.7,3.7,13.3,0.0,0.0,0.0,,50.0,,,,4.0,229.0,100.0,0.2,0.0,90.0,21.1,13.1,-0.3,,,
AND,2025-01-02,4.9,6.9,0.0,,,,51.1,4.3,903.2,,1480.6,,1016.7,5.2,15.8,18.7,56.9,14.9,53.6,990.0,0.8,0.6,,22.0,,,,20.0,1.0,0.0,1.6,0.0,155.0,15.1,7.1,0.5,,,
AND,2025-01-03,-2.3,0.4,-6.4,,,,83.4,4.3,904.7,,1480.7,,1018.4,0.7,4.3,2.5,15.5,4.2,15.1,0.0,0.0,0.2,,50.0,,,,15.0,178.0,77.0,0.2,0.0,360.0,22.3,14.3,0.1,,,
AND,2025-01-04,-4.4,4.2,-10.9,,,,70.9,2.9,904.0,,1470.8,,1017.7,2.0,16.4,7.2,59.0,15.8,56.9,0.0,0.0,0.0,,45.0,,,,11.0,232.0,100.0,0.7,0.0,158.0,24.4,16.4,-0.2,,,
AND,2025-01-05,5.2,10.7,0.1,,,,50.0,4.4,897.2,,1427.6,,1010.1,4.9,19.1,17.6,68.8,18.4,66.2,190.0,0.0,0.0,,15.0,,,,15.0,0.0,0.0,2.1,0.0,166.0,14.8,6.8,-0.1,,,
AND,2025-01-06,7.0,9.8,3.5,,,,61.8,6.1,893.0,,1392.5,,1005.5,4.1,16.5,14.8,59.4,14.9,53.6,590.0,3.8,0.9,,21.0,,,,18.0,5.0,2.0,1.4,0.0,169.0,13.0,5.0,0.8,,,
AND,2025-01-07,0.7,4.5,-3.3,,,,92.0,6.0,894.7,,1398.1,,1007.4,0.6,3.0,2.2,10.8,2.9,10.4,0.0,0.3,3.2,,45.0,,,,22.0,145.0,61.0,0.2,0.0,180.0,19.3,11.3,3.1,,,
AND,2025-01-08,5.6,9.1,-4.1,,,,55.6,4.9,896.2,,1419.0,,1009.0,5.1,17.0,18.4,61.2,16.4,59.0,120.0,0.0,0.0,,51.0,,,,23.0,175.0,74.0,1.3,0.0,168.0,14.4,6.4,-0.3,,,
AND,2025-01-09,7.3,11.2,0.8,,,,59.6,6.0,893.8,,1400.2,,1006.4,4.8,13.6,17.3,49.0,13.3,47.9,440.0,2.2,2.2,,46.0,,,,24.0,144.0,60.0,1.5,0.0,159.0,12.7,4.7,2.0,,,
AND,2025-01-10,-1.3,1.0,-2.8,,,,75.5,4.2,902.8,,1465.7,,1016.2,1.2,9.0,4.3,32.4,8.9,32.0,0.0,1.5,1.1,,29.0,,,,27.0,2.0,1.0,0.4,0.0,360.0,21.3,13.3,1.0,,,
AND,2025-01-11,-4.1,-1.9,-9.8,,,,87.1,3.9,906.3,,1490.7,,1020.1,0.6,4.3,2.2,15.5,4.0,14.4,0.0,0.0,0.4,,26.0,,,,19.0,51.0,21.0,0.2,0.0,360.0,24.1,16.1,0.4,,,
AND,2025-01-12,-6.0,-2.9,-9.6,,,,76.5,3.0,915.9,,1569.1,,1030.7,1.3,9.3,4.7,33.5,8.8,31.7,0.0,0.0,0.0,,61.0,,,,21.0,198.0,81.0,0.2,0.0,346.0,26.0,18.0,-0.2,,,
AND,2025-01-13,-6.6,-2.9,-10.4,,,,72.3,2.7,918.8,,1591.8,,1033.9,0.8,6.2,2.9,22.3,6.1,22.0,0.0,0.0,0.0,,61.0,,,,5.0,248.0,100.0,0.2,0.0,135.0,26.6,18.6,-0.2,,,
AND,2025-01-14,-5.0,2.0,-10.3,,,,77.2,3.2,915.9,,1570.7,,1030.7,0.4,2.3,1.4,8.3,2.2,7.9,0.0,0.0,0.0,,60.0,,,,6.0,249.0,100.0,0.2,0.0,135.0,25.0,17.0,-0.2,,,
AND,2025-01-15,-3.2,2.1,-8.3,,,,73.3,3.5,913.7,,1556.6,,1028.3,0.6,3.4,2.2,12.2,3.3,11.9,0.0,0.0,0.0,,41.0,,,,20.0,104.0,42.0,0.3,0.0,0.0,23.2,15.2,-0.1,,,
AND,2025-01-16,-4.0,3.1,-9.0,,,,77.8,3.5,916.3,,1577.0,,1031.2,0.5,2.4,1.8,8.6,2.3,8.3,0.0,0.0,0.0,,60.0,,,,5.0,254.0,100.0,0.2,0.0,153.0,24.0,16.0,-0.2,,,
AND,2025-01-17,-2.3,6.2,-7.4,,,,70.1,3.5,916.5,,1582.0,,1031.4,0.7,9.5,2.5,34.2,9.4,33.8,0.0,0.0,0.0,,63.0,,,,5.0,256.0,100.0,0.4,0.0,162.0,22.3,14.3,-0.2,,,
AND,2025-01-18,-0.7,7.8,-6.3,,,,64.9,3.8,913.0,,1555.5,,1027.5,0.5,3.1,1.8,11.2,3.0,10.8,0.0,0.0,0.0,,63.0,,,,5.0,258.0,100.0,0.3,0.0,135.0,20.7,12.7,-0.3,,,
AND,2025-01-19,2.3,9.4,-4.7,,,,67.0,4.8,907.1,,1510.2,,1021.0,1.2,6.0,4.3,21.6,5.9,21.2,70.0,0.0,0.0,,43.0,,,,32.0,66.0,25.0,0.7,0.0,171.0,17.7,9.7,-0.1,,,
AND,2025-01-20,3.0,7.7,-1.8,,,,71.3,5.3,905.4,,1496.8,,1019.1,1.3,7.6,4.7,27.4,7.4,26.6,70.0,0.0,0.0,,33.0,,,,28.0,14.0,5.0,0.6,0.0,180.0,17.0,9.0,-0.1,,,
AND,2025-01-21,0.0,7.9,-4.1,,,,76.2,4.5,902.9,,1469.1,,1016.4,0.6,3.5,2.2,12.6,3.5,12.6,0.0,0.0,0.0,,66.0,,,,5.0,266.0,100.0,0.4,0.0,135.0,20.0,12.0,-0.2,,,
AND,2025-01-22,4.1,8.1,-3.5,,,,59.5,4.8,899.2,,1444.0,,1012.4,2.4,12.4,8.6,44.6,12.1,43.6,460.0,0.0,0.0,,33.0,,,,31.0,10.0,4.0,0.9,0.0,180.0,15.9,7.9,-0.1,,,
AND,2025-01-23,5.0,8.7,-1.2,,,,70.4,6.0,898.0,,1434.4,,1011.0,2.4,14.2,8.6,51.1,13.9,50.0,150.0,0.6,0.6,,36.0,,,,28.0,39.0,15.0,0.8,0.0,180.0,15.0,7.0,0.5,,,
AND,2025-01-24,4.7,13.4,-3.4,,,,53.8,3.9,902.6,,1474.7,,1016.0,2.9,11.9,10.4,42.8,11.7,42.1,150.0,0.0,0.0,,60.0,,,,27.0,173.0,64.0,1.7,0.0,161.0,15.3,7.3,-0.3,,,
AND,2025-01-25,8.9,12.2,5.3,,,,47.3,5.3,901.7,,1474.7,,1015.1,4.9,19.0,17.6,68.4,18.6,67.0,560.0,9.2,0.3,,72.0,,,,27.0,217.0,79.0,2.2,0.0,180.0,11.1,3.1,0.0,,,
AND,2025-01-26,2.0,6.4,-0.9,,,,91.9,6.5,899.2,,1439.9,,1012.3,1.1,10.7,4.0,38.5,10.4,37.4,0.0,8.9,17.8,,56.0,,,,26.0,138.0,50.0,0.4,0.0,135.0,18.0,10.0,17.8,,,
AND,2025-01-27,5.3,9.6,2.0,,,,78.2,6.9,894.1,,1400.1,,1006.8,2.2,14.7,7.9,52.9,13.8,49.7,160.0,14.7,6.4,,26.0,,,,21.0,28.0,10.0,0.9,0.0,160.0,14.7,6.7,6.3,,,
AND,2025-01-28,0.3,3.6,-3.2,,,,95.6,6.0,889.4,,1350.5,,1001.6,0.5,2.6,1.8,9.4,2.6,9.4,0.0,27.9,36.2,,3.0,,,,3.0,0.0,0.0,0.4,0.0,45.0,19.7,11.7,36.2,,,
AND,2025-01-29,-2.9,1.4,-7.8,,,,93.1,4.6,899.3,,1432.4,,1012.4,0.6,3.0,2.2,10.8,2.9,10.4,0.0,0.0,0.0,,79.0,,,,19.0,260.0,91.0,0.3,0.0,90.0,22.9,14.9,-0.1,,,
AND,2025-01-30,0.0,6.2,-4.7,,,,87.3,5.3,904.2,,1480.7,,1017.8,1.1,7.3,4.0,26.3,7.0,25.2,10.0,0.0,0.0,,65.0,,,,42.0,116.0,40.0,0.5,0.0,146.0,20.0,12.0,-0.1,,,
AND,2025-01-31,-1.6,2.6,-7.7,,,,87.4,4.8,910.2,,1529.9,,1024.5,0.4,2.4,1.4,8.6,2.4,8.6,0.0,0.5,0.5,,46.0,,,,44.0,0.0,0.0,0.3,0.0,45.0,21.6,13.6,0.5,,,
AND,2025-02-01,0.3,4.5,-2.8,,,,90.7,5.7,909.8,,1530.2,,1024.0,0.4,2.6,1.4,9.4,2.5,9.0,0.0,0.0,0.0,,54.0,,,,43.0,57.0,20.0,0.4,0.0,45.0,19.7,11.7,0.0,,,
AND,2025-02-02,-1.5,4.8,-6.0,,,,86.0,4.7,907.3,,1505.2,,1021.3,0.4,2.0,1.4,7.2,2.0,7.2,0.0,0.0,0.0,,85.0,,,,7.0,296.0,100.0,0.4,0.0,135.0,21.5,13.5,-0.1,,,
AND,2025-02-03,-2.9,4.4,-7.3,,,,76.7,3.7,910.5,,1529.6,,1024.8,0.4,2.3,1.4,8.3,2.3,8.3,0.0,0.0,0.0,,89.0,,,,8.0,299.0,100.0,0.4,0.0,135.0,22.9,14.9,-0.2,,,
AND,2025-02-04,-3.1,4.9,-8.6,,,,71.6,3.4,913.3,,1553.5,,1027.9,0.3,2.1,1.1,7.6,2.1,7.6,0.0,0.0,0.0,,92.0,,,,7.0,302.0,100.0,0.4,0.0,135.0,23.1,15.1,-0.2,,,
AND,2025-02-05,-2.4,5.7,-7.8,,,,68.2,3.5,919.0,,1603.2,,1034.1,0.3,2.7,1.1,9.7,2.7,9.7,0.0,0.0,0.0,,92.0,,,,9.0,304.0,100.0,0.4,0.0,135.0,22.4,14.4,-0.3,,,
AND,2025-02-06,-4.5,0.0,-9.6,,,,79.4,3.5,915.3,,1567.0,,1030.0,0.8,4.3,2.9,15.5,4.2,15.1,0.0,0.0,0.0,,93.0,,,,10.0,306.0,100.0,0.4,0.0,360.0,24.5,16.5,-0.2,,,
AND,2025-02-07,3.0,4.7,-6.1,,,,44.6,3.3,910.2,,1539.0,,1024.4,5.2,15.1,18.7,54.4,14.6,52.6,970.0,0.0,0.0,,68.0,,,,37.0,250.0,82.0,1.4,0.0,160.0,17.0,9.0,-0.4,,,
AND,2025-02-08,4.1,7.3,-0.3,,,,57.0,4.6,909.3,,1533.2,,1023.4,3.1,15.6,11.2,56.2,14.5,52.2,550.0,0.0,0.0,,40.0,,,,31.0,42.0,14.0,1.3,0.0,172.0,15.9,7.9,-0.1,,,
AND,2025-02-09,2.4,4.8,0.2,,,,86.3,6.3,910.2,,1538.4,,1024.5,0.5,3.4,1.8,12.2,3.4,12.2,0.0,0.4,0.4,,35.0,,,,35.0,0.0,0.0,0.5,0.0,90.0,17.6,9.6,0.4,,,
AND,2025-02-10,5.0,9.9,0.2,,,,66.6,5.6,908.0,,1523.7,,1022.0,2.7,12.8,9.7,46.1,12.8,46.1,290.0,0.0,0.0,,95.0,,,,24.0,294.0,94.0,1.2,0.0,167.0,15.0,7.0,-0.3,,,
AND,2025-02-11,7.5,9.7,3.8,,,,52.7,5.4,906.2,,1513.2,,1020.1,4.2,12.7,15.1,45.7,12.4,44.6,740.0,0.0,0.0,,63.0,,,,58.0,0.0,0.0,1.8,0.0,163.0,12.5,4.5,-0.1,,,
AND,2025-02-12,5.8,11.0,2.0,,,,63.8,5.8,904.3,,1492.2,,1017.9,2.3,10.3,8.3,37.1,9.2,33.1,230.0,0.0,0.0,,85.0,,,,54.0,119.0,37.0,1.3,0.0,185.0,14.2,6.2,-0.2,,,
AND,2025-02-13,3.9,10.2,-0.4,,,,71.0,5.5,901.2,,1461.1,,1014.5,2.3,11.7,8.3,42.1,11.5,41.4,310.0,3.5,3.2,,85.0,,,,51.0,155.0,48.0,1.2,0.0,180.0,16.1,8.1,3.1,,,
AND,2025-02-14,-2.1,0.4,-6.5,,,,76.3,4.0,903.1,,1467.4,,1016.7,2.1,10.1,7.6,36.4,9.7,34.9,0.0,0.0,0.3,,74.0,,,,45.0,136.0,42.0,0.6,0.0,21.0,22.1,14.1,0.2,,,
AND,2025-02-15,-3.9,4.3,-9.1,,,,80.1,3.6,903.9,,1470.4,,1017.5,0.5,3.5,1.8,12.6,3.4,12.2,0.0,0.0,0.0,,114.0,,,,9.0,333.0,100.0,0.6,0.0,0.0,23.9,15.9,-0.2,,,
AND,2025-02-16,-1.1,7.2,-5.7,,,,71.8,3.9,899.9,,1441.4,,1013.2,0.7,4.6,2.5,16.6,4.5,16.2,0.0,0.0,0.0,,116.0,,,,18.0,325.0,98.0,0.7,0.0,360.0,21.1,13.1,-0.2,,,
AND,2025-02-17,-2.0,6.9,-6.6,,,,75.1,3.8,902.8,,1465.1,,1016.3,0.4,4.9,1.4,17.6,4.9,17.6,0.0,0.0,0.0,,114.0,,,,15.0,339.0,100.0,0.6,0.0,360.0,22.0,14.0,-0.2,,,
AND,2025-02-18,-1.8,7.9,-6.7,,,,70.5,3.6,905.1,,1485.5,,1018.9,0.5,2.9,1.8,10.4,2.8,10.1,0.0,0.0,0.0,,118.0,,,,9.0,343.0,100.0,0.7,0.0,0.0,21.8,13.8,-0.3,,,
AND,2025-02-19,0.3,9.9,-5.5,,,,65.5,3.9,907.7,,1512.1,,1021.7,0.6,5.3,2.2,19.1,5.2,18.7,0.0,0.0,0.0,,120.0,,,,35.0,345.0,100.0,0.8,0.0,360.0,19.7,11.7,-0.3,,,
AND,2025-02-20,2.4,13.4,-3.4,,,,70.5,4.9,912.3,,1556.4,,1026.8,0.5,4.9,1.8,17.6,4.8,17.3,0.0,0.0,0.0,,114.0,,,,17.0,337.0,98.0,0.9,0.0,0.0,17.6,9.6,-0.3,,,
AND,2025-02-21,6.2,14.9,-2.7,,,,56.5,4.9,911.4,,1556.2,,1025.8,2.4,13.5,8.6,48.6,13.1,47.2,370.0,0.0,0.0,,119.0,,,,20.0,350.0,100.0,1.8,0.0,171.0,13.8,5.8,-0.3,,,
AND,2025-02-22,8.6,11.7,3.9,,,,49.1,5.4,909.5,,1544.5,,1023.7,4.1,14.9,14.8,53.6,13.9,50.0,1080.0,0.0,0.0,,67.0,,,,60.0,8.0,2.0,2.1,0.0,168.0,11.4,3.4,-0.1,,,
AND,2025-02-23,5.1,12.8,-0.7,,,,70.8,6.0,914.0,,1577.2,,1028.6,0.8,7.5,2.9,27.0,7.3,26.3,0.0,0.0,0.0,,112.0,,,,46.0,267.0,76.0,1.0,0.0,360.0,14.9,6.9,-0.2,,,
AND,2025-02-24,5.5,12.9,-1.7,,,,63.8,5.4,911.0,,1550.8,,1025.3,1.2,11.7,4.3,42.1,10.8,38.9,230.0,0.0,0.0,,106.0,,,,74.0,139.0,39.0,1.2,0.0,171.0,14.5,6.5,-0.2,,,
AND,2025-02-25,7.7,10.9,3.2,,,,57.0,5.9,902.3,,1477.5,,1015.7,2.9,13.0,10.4,46.8,12.1,43.6,770.0,0.1,0.1,,70.0,,,,66.0,3.0,1.0,1.6,0.0,173.0,12.3,4.3,0.0,,,
AND,2025-02-26,3.1,5.9,-0.5,,,,73.9,5.6,903.3,,1478.8,,1016.9,1.9,9.4,6.8,33.8,9.2,33.1,0.0,0.0,0.0,,66.0,,,,55.0,0.0,0.0,0.9,0.0,360.0,16.9,8.9,-0.1,,,
AND,2025-02-27,1.8,8.8,-3.1,,,,70.7,4.7,904.4,,1485.6,,1018.1,1.6,10.5,5.8,37.8,10.1,36.4,0.0,0.0,0.0,,123.0,,,,32.0,279.0,78.0,1.2,0.0,350.0,18.2,10.2,-0.2,,,
AND,2025-02-28,1.4,7.9,-3.0,,,,67.6,4.4,906.0,,1499.3,,1019.9,1.1,8.4,4.0,30.2,8.2,29.5,0.0,0.0,0.0,,142.0,,,,13.0,365.0,100.0,1.1,0.0,7.0,18.6,10.6,-0.3,,,
AND,2025-03-01,1.3,7.7,-3.0,,,,71.6,4.7,908.7,,1522.8,,1022.8,0.6,5.5,2.2,19.8,5.3,19.1,0.0,0.0,0.0,,105.0,,,,36.0,224.0,61.0,0.9,0.0,360.0,18.7,10.7,-0.2,,,
AND,2025-03-02,1.1,10.9,-5.1,,,,57.4,3.5,912.5,,1555.6,,1027.0,0.8,6.0,2.9,21.6,5.9,21.2,0.0,0.0,0.0,,147.0,,,,12.0,374.0,100.0,1.2,0.0,0.0,18.9,10.9,-0.4,,,
AND,2025-03-03,2.1,13.3,-5.1,,,,50.7,3.3,911.8,,1550.8,,1026.2,0.8,6.7,2.9,24.1,6.5,23.4,0.0,0.0,0.0,,150.0,,,,11.0,379.0,100.0,1.3,0.0,342.0,17.9,9.9,-0.4,,,
AND,2025-03-04,3.4,14.2,-4.4,,,,49.6,3.5,910.6,,1543.4,,1024.9,1.0,8.4,3.6,30.2,8.2,29.5,190.0,0.0,0.0,,152.0,,,,11.0,382.0,100.0,1.5,0.0,198.0,16.6,8.6,-0.4,,,
AND,2025-03-05,4.7,14.1,-3.0,,,,51.3,4.0,911.7,,1556.0,,1026.1,1.7,11.0,6.1,39.6,10.7,38.5,280.0,0.0,0.0,,151.0,,,,13.0,386.0,100.0,1.9,0.0,197.0,15.3,7.3,-0.4,,,
AND,2025-03-06,6.7,13.0,0.3,,,,44.7,4.2,910.5,,1549.1,,1024.7,2.6,11.6,9.4,41.8,11.3,40.7,530.0,0.0,0.0,,154.0,,,,18.0,394.0,100.0,2.2,0.0,177.0,13.3,5.3,-0.5,,,
AND,2025-03-07,5.4,12.8,-1.8,,,,47.3,4.0,906.5,,1511.5,,1020.4,2.1,12.3,7.6,44.3,12.0,43.2,430.0,0.0,0.0,,157.0,,,,19.0,397.0,100.0,2.0,0.0,176.0,14.6,6.6,-0.5,,,
AND,2025-03-08,5.7,13.6,-2.8,,,,48.7,4.0,901.7,,1468.7,,1015.1,2.4,14.1,8.6,50.8,13.8,49.7,370.0,0.0,0.0,,159.0,,,,16.0,401.0,100.0,2.2,0.0,180.0,14.3,6.3,-0.5,,,
AND,2025-03-09,8.8,12.8,2.1,,,,41.3,4.6,896.7,,1429.0,,1009.6,4.0,16.2,14.4,58.3,15.1,54.4,950.0,1.2,0.0,,147.0,,,,53.0,303.0,75.0,2.6,0.0,173.0,11.2,3.2,-0.4,,,
AND,2025-03-10,6.5,10.3,1.6,,,,66.6,6.4,892.0,,1382.3,,1004.4,2.4,11.9,8.6,42.8,11.2,40.3,190.0,0.5,1.7,,71.0,,,,59.0,24.0,6.0,1.3,0.0,176.0,13.5,5.5,1.6,,,
AND,2025-03-11,6.7,11.6,0.9,,,,59.3,5.6,890.8,,1371.8,,1003.1,2.2,11.4,7.9,41.0,10.8,38.9,450.0,0.0,0.0,,98.0,,,,74.0,69.0,17.0,1.6,0.0,184.0,13.3,5.3,-0.1,,,
AND,2025-03-12,6.2,9.2,3.6,,,,72.7,6.8,884.9,,1316.6,,996.6,1.3,8.7,4.7,31.3,8.5,30.6,310.0,1.9,1.4,,46.0,,,,44.0,0.0,0.0,1.0,0.0,172.0,13.8,5.8,1.3,,,
AND,2025-03-13,3.0,7.8,0.1,,,,89.4,6.7,883.5,,1300.0,,995.0,0.7,10.2,2.5,36.7,10.1,36.4,0.0,22.9,19.0,,63.0,,,,44.0,65.0,16.0,0.8,0.0,333.0,17.0,9.0,19.0,,,
AND,2025-03-14,0.8,2.8,-0.6,,,,91.0,5.9,889.4,,1350.7,,1001.5,0.3,1.7,1.1,6.1,1.7,6.1,0.0,0.7,4.7,,85.0,,,,78.0,15.0,4.0,0.8,0.0,360.0,19.2,11.2,4.7,,,
AND,2025-03-15,2.6,6.8,0.0,,,,90.2,6.7,892.9,,1384.6,,1005.4,0.4,2.8,1.4,10.1,2.6,9.4,0.0,3.1,2.3,,112.0,,,,87.0,64.0,15.0,1.0,0.0,0.0,17.4,9.4,2.3,,,
AND,2025-03-16,2.3,4.2,0.4,,,,89.0,6.4,898.8,,1436.8,,1011.9,1.2,6.4,4.3,23.0,6.3,22.7,0.0,2.0,3.2,,70.0,,,,69.0,0.0,0.0,0.8,0.0,349.0,17.7,9.7,3.2,,,
AND,2025-03-17,2.3,6.5,-2.3,,,,78.7,5.6,905.5,,1496.3,,1019.3,1.6,7.3,5.8,26.3,7.1,25.6,0.0,0.0,0.0,,104.0,,,,95.0,14.0,3.0,1.1,0.0,351.0,17.7,9.7,-0.1,,,
AND,2025-03-18,2.1,10.1,-3.9,,,,62.9,4.2,909.4,,1530.8,,1023.6,2.2,13.6,7.9,49.0,13.5,48.6,160.0,0.0,0.0,,187.0,,,,15.0,424.0,99.0,1.9,0.0,176.0,17.9,9.9,-0.4,,,
AND,2025-03-19,3.8,12.7,-4.1,,,,45.1,3.4,912.4,,1559.8,,1026.8,3.0,13.7,10.8,49.3,13.5,48.6,420.0,0.0,0.0,,196.0,,,,14.0,428.0,99.0,2.6,0.0,191.0,16.2,8.2,-0.6,,,
AND,2025-03-20,5.5,14.0,-4.0,,,,45.5,3.7,912.3,,1563.2,,1026.8,2.9,12.6,10.4,45.4,12.2,43.9,650.0,0.0,0.0,,190.0,,,,19.0,432.0,99.0,2.7,0.0,180.0,14.5,6.5,-0.6,,,
AND,2025-03-21,9.4,13.8,1.8,,,,47.4,5.5,906.3,,1516.7,,1020.1,4.5,15.0,16.2,54.0,13.9,50.0,910.0,0.3,0.0,,136.0,,,,111.0,31.0,7.0,2.7,0.0,174.0,10.6,2.6,-0.2,,,
AND,2025-03-22,9.0,12.4,4.4,,,,58.4,6.6,897.1,,1432.7,,1010.0,4.1,15.2,14.8,54.7,14.4,51.8,840.0,1.3,0.3,,102.0,,,,68.0,100.0,23.0,2.2,0.0,187.0,11.0,3.0,0.1,,,
AND,2025-03-23,7.8,12.9,2.2,,,,60.5,6.2,894.5,,1407.3,,1007.2,3.3,12.0,11.9,43.2,11.2,40.3,640.0,0.0,1.3,,150.0,,,,86.0,164.0,37.0,2.3,0.0,173.0,12.2,4.2,1.1,,,
AND,2025-03-24,7.1,15.4,0.0,,,,62.3,6.0,899.3,,1450.0,,1012.5,1.1,8.2,4.0,29.5,8.1,29.2,0.0,0.0,0.0,,203.0,,,,55.0,395.0,88.0,2.2,0.0,18.0,12.9,4.9,-0.4,,,
AND,2025-03-25,7.6,12.6,3.8,,,,70.1,7.2,904.2,,1494.7,,1017.8,1.7,9.6,6.1,34.6,9.2,33.1,0.0,0.0,0.0,,159.0,,,,112.0,138.0,30.0,1.9,0.0,18.0,12.4,4.4,-0.2,,,
AND,2025-03-26,6.9,12.9,3.4,,,,73.9,7.2,904.0,,1492.1,,1017.7,1.9,9.0,6.8,32.4,9.0,32.4,0.0,0.0,0.0,,152.0,,,,77.0,191.0,42.0,1.9,0.0,8.0,13.1,5.1,-0.2,,,
AND,2025-03-27,6.5,11.4,2.9,,,,71.7,6.8,901.9,,1472.3,,1015.3,1.7,7.7,6.1,27.7,7.6,27.4,0.0,0.0,0.0,,90.0,,,,82.0,13.0,3.0,1.5,0.0,4.0,13.5,5.5,-0.1,,,
AND,2025-03-28,5.7,12.9,-0.8,,,,69.9,6.2,897.0,,1426.2,,1009.9,1.8,11.8,6.5,42.5,11.3,40.7,0.0,0.5,0.0,,198.0,,,,47.0,410.0,89.0,2.1,0.0,347.0,14.3,6.3,-0.3,,,
AND,2025-03-29,5.2,7.4,3.8,,,,83.1,7.3,899.0,,1444.1,,1012.2,1.9,7.9,6.8,28.4,7.7,27.7,0.0,0.6,1.1,,48.0,,,,47.0,0.0,0.0,1.0,0.0,360.0,14.8,6.8,1.1,,,
AND,2025-03-30,7.7,13.5,3.7,,,,62.2,6.2,904.1,,1494.5,,1017.8,2.4,9.5,8.6,34.2,9.3,33.5,0.0,2.0,0.6,,202.0,,,,61.0,405.0,87.0,2.6,0.0,357.0,12.3,4.3,0.2,,,
AND,2025-03-31,4.5,7.2,0.3,,,,67.3,5.6,905.8,,1503.2,,1019.6,3.6,9.6,13.0,34.6,9.4,33.8,0.0,0.0,1.4,,121.0,,,,83.0,94.0,20.0,1.6,0.0,19.0,15.5,7.5,1.2,,,
AND,2025-04-01,3.1,10.2,-1.4,,,,63.1,4.6,903.5,,1480.0,,1017.1,0.9,7.5,3.2,27.0,7.2,25.9,0.0,0.0,0.0,,211.0,,,,64.0,394.0,83.0,2.0,0.0,360.0,16.9,8.9,-0.5,,,
AND,2025-04-02,6.7,16.1,-2.4,,,,57.6,5.2,903.2,,1484.1,,1016.7,2.1,12.4,7.6,44.6,11.9,42.8,500.0,0.0,0.0,,227.0,,,,37.0,472.0,98.0,2.8,0.0,193.0,13.3,5.3,-0.6,,,
AND,2025-04-03,8.6,17.6,0.6,,,,57.1,5.9,907.3,,1525.0,,1021.3,1.1,5.8,4.0,20.9,5.6,20.2,0.0,0.0,0.0,,228.0,,,,27.0,480.0,100.0,2.6,0.0,135.0,11.4,3.4,-0.7,,,
AND,2025-04-04,8.8,19.0,-1.0,,,,55.7,5.8,904.8,,1502.1,,1018.5,1.3,8.1,4.7,29.2,8.0,28.8,320.0,0.0,0.0,,229.0,,,,19.0,485.0,100.0,2.8,0.0,174.0,11.2,3.2,-0.7,,,
AND,2025-04-05,9.3,18.7,-0.1,,,,55.7,6.0,900.8,,1467.1,,1014.1,1.5,8.9,5.4,32.0,8.7,31.3,0.0,0.0,0.0,,231.0,,,,24.0,485.0,99.0,2.9,0.0,10.0,10.7,2.7,-0.8,,,
AND,2025-04-06,6.8,14.3,-0.6,,,,58.0,5.3,901.8,,1471.6,,1015.2,2.0,9.7,7.2,34.9,9.4,33.8,0.0,0.0,0.0,,237.0,,,,27.0,491.0,100.0,2.8,0.0,27.0,13.2,5.2,-0.7,,,
AND,2025-04-07,5.1,14.6,-3.0,,,,54.9,4.3,905.6,,1502.5,,1019.4,1.4,8.6,5.0,31.0,8.2,29.5,0.0,0.0,0.0,,240.0,,,,23.0,497.0,100.0,2.6,0.0,10.0,14.9,6.9,-0.8,,,
AND,2025-04-08,5.9,15.6,-3.2,,,,53.4,4.5,908.0,,1525.6,,1022.0,1.3,8.4,4.7,30.2,8.2,29.5,0.0,0.0,0.0,,244.0,,,,29.0,499.0,100.0,2.7,0.0,5.0,14.1,6.1,-0.9,,,
AND,2025-04-09,7.0,14.9,-1.0,,,,53.0,5.0,906.4,,1512.9,,1020.2,1.7,9.0,6.1,32.4,8.9,32.0,0.0,0.0,0.0,,217.0,,,,60.0,424.0,84.0,2.7,0.0,16.0,13.0,5.0,-0.8,,,
AND,2025-04-10,6.7,15.6,-1.5,,,,55.1,4.9,909.8,,1543.2,,1024.0,1.4,8.7,5.0,31.3,8.6,31.0,0.0,0.0,0.0,,243.0,,,,41.0,511.0,100.0,2.8,0.0,15.0,13.3,5.3,-1.0,,,
AND,2025-04-11,8.7,19.8,-1.8,,,,51.4,5.1,907.1,,1522.3,,1021.0,1.1,8.9,4.0,32.0,8.6,31.0,0.0,0.0,0.0,,250.0,,,,21.0,514.0,100.0,3.0,0.0,14.0,11.3,3.3,-1.1,,,
AND,2025-04-12,10.9,19.7,-0.5,,,,51.3,6.3,901.8,,1479.3,,1015.2,2.4,13.6,8.6,49.0,13.3,47.9,590.0,0.0,0.0,,201.0,,,,64.0,349.0,68.0,3.2,0.0,174.0,9.1,1.1,-0.9,,,
AND,2025-04-13,12.7,16.9,10.9,,,,52.0,7.6,899.4,,1460.5,,1012.6,4.3,19.2,15.5,69.1,16.8,60.5,1080.0,0.0,0.0,,196.0,,,,99.0,240.0,46.0,3.9,0.0,175.0,0.0,0.0,-0.7,,,
AND,2025-04-14,13.2,18.1,10.2,,,,52.7,7.9,896.9,,1438.3,,1009.8,4.7,14.9,16.9,53.6,14.0,50.4,830.0,0.0,0.0,,176.0,,,,118.0,169.0,32.0,3.9,0.0,173.0,0.0,0.0,-0.6,,,
AND,2025-04-15,13.0,16.2,9.3,,,,54.7,8.1,892.8,,1399.8,,1005.3,4.2,12.7,15.1,45.7,12.1,43.6,750.0,0.6,0.6,,105.0,,,,87.0,35.0,7.0,2.9,0.0,172.0,0.0,0.0,0.3,,,
AND,2025-04-16,13.4,20.0,7.4,,,,54.4,8.0,894.9,,1419.9,,1007.6,3.8,18.0,13.7,64.8,17.3,62.3,820.0,9.3,0.7,,219.0,,,,81.0,339.0,64.0,4.0,0.0,204.0,0.0,0.0,-0.2,,,
AND,2025-04-17,7.4,11.5,5.6,,,,87.3,9.0,894.0,,1402.1,,1006.6,1.5,7.7,5.4,27.7,7.6,27.4,0.0,11.0,19.4,,95.0,,,,70.0,53.0,10.0,1.4,0.0,336.0,12.6,4.6,19.3,,,
AND,2025-04-18,7.1,12.4,2.3,,,,76.7,7.6,899.4,,1450.8,,1012.6,1.6,7.1,5.8,25.6,7.0,25.2,0.0,0.0,0.2,,210.0,,,,110.0,232.0,43.0,2.3,0.0,352.0,12.9,4.9,-0.2,,,
AND,2025-04-19,9.9,15.8,2.1,,,,65.3,7.6,898.5,,1447.3,,1011.6,2.9,13.5,10.4,48.6,13.0,46.8,690.0,0.0,0.0,,223.0,,,,118.0,300.0,55.0,2.9,0.0,182.0,10.1,2.1,-0.8,,,
AND,2025-04-20,9.9,13.7,5.0,,,,65.7,7.9,897.6,,1438.8,,1010.6,3.3,13.7,11.9,49.3,13.5,48.6,250.0,1.4,1.4,,80.0,,,,71.0,13.0,2.0,2.0,0.0,182.0,10.1,2.1,1.2,,,
AND,2025-04-21,10.1,16.1,4.7,,,,56.4,6.6,900.2,,1462.7,,1013.4,2.0,9.9,7.2,35.6,9.5,34.2,500.0,0.0,0.0,,258.0,,,,65.0,530.0,95.0,3.4,0.0,184.0,9.9,1.9,-1.5,,,
AND,2025-04-22,10.9,18.3,6.1,,,,64.1,8.0,903.9,,1498.6,,1017.6,1.8,9.6,6.5,34.6,9.5,34.2,0.0,0.0,0.0,,266.0,,,,80.0,473.0,84.0,3.5,0.0,8.0,9.1,1.1,-1.2,,,
AND,2025-04-23,9.4,17.3,3.8,,,,74.6,8.5,901.9,,1477.0,,1015.3,1.9,16.0,6.8,57.6,15.4,55.4,80.0,19.9,16.9,,145.0,,,,70.0,204.0,36.0,2.4,0.0,170.0,10.6,2.6,16.4,,,
AND,2025-04-24,6.4,10.4,3.1,,,,82.5,7.9,903.3,,1485.0,,1016.9,1.3,7.0,4.7,25.2,6.7,24.1,0.0,0.5,3.5,,114.0,,,,100.0,30.0,5.0,1.5,0.0,342.0,13.6,5.6,3.3,,,
AND,2025-04-25,7.6,12.2,2.2,,,,75.4,7.7,903.1,,1484.7,,1016.6,2.2,9.6,7.9,34.6,9.4,33.8,0.0,0.0,0.0,,172.0,,,,124.0,98.0,17.0,2.1,0.0,9.0,12.4,4.4,-0.4,,,
AND,2025-04-26,10.0,18.4,1.7,,,,65.2,7.5,903.2,,1489.8,,1016.7,1.4,8.4,5.0,30.2,8.2,29.5,330.0,0.0,0.0,,232.0,,,,73.0,344.0,60.0,3.0,0.0,159.0,10.0,2.0,-1.2,,,
AND,2025-04-27,10.4,16.7,4.3,,,,79.5,9.8,907.6,,1530.8,,1021.6,1.1,6.2,4.0,22.3,6.0,21.6,0.0,1.7,1.7,,126.0,,,,119.0,3.0,1.0,1.9,0.0,18.0,9.6,1.6,1.5,,,
AND,2025-04-28,11.2,20.7,3.2,,,,71.1,8.8,910.6,,1559.5,,1024.8,1.1,10.0,4.0,36.0,9.7,34.9,220.0,0.0,0.0,,258.0,,,,88.0,430.0,75.0,3.4,0.0,108.0,8.8,0.8,-1.4,,,
AND,2025-04-29,11.3,21.1,3.7,,,,67.9,8.7,910.8,,1562.1,,1025.1,1.2,11.8,4.3,42.5,11.2,40.3,60.0,0.0,0.0,,200.0,,,,70.0,313.0,54.0,3.0,0.0,162.0,8.7,0.7,-1.2,,,
AND,2025-04-30,12.5,23.0,2.9,,,,63.0,8.4,909.2,,1549.2,,1023.3,0.8,5.3,2.9,19.1,5.3,19.1,0.0,0.0,0.0,,242.0,,,,59.0,436.0,75.0,3.3,0.0,34.0,0.0,0.0,-1.9,,,
AND,2025-05-01,14.8,24.0,4.3,,,,57.5,8.8,908.2,,1545.5,,1022.3,1.4,7.8,5.0,28.1,7.6,27.4,130.0,0.0,0.0,,293.0,,,,50.0,562.0,97.0,4.2,0.0,180.0,0.0,0.0,-2.7,,,
AND,2025-05-02,15.8,24.1,4.9,,,,52.0,8.5,907.7,,1542.3,,1021.7,2.5,10.7,9.0,38.5,10.5,37.8,420.0,0.0,0.0,,291.0,,,,34.0,583.0,100.0,4.7,0.0,169.0,0.0,0.0,-3.3,,,
AND,2025-05-03,14.5,22.2,7.6,,,,61.8,9.7,902.9,,1496.4,,1016.5,1.9,10.4,6.8,37.4,10.2,36.7,330.0,0.1,0.0,,183.0,,,,120.0,186.0,32.0,3.3,0.0,162.0,0.0,0.0,-1.2,,,
AND,2025-05-04,11.2,17.9,7.5,,,,83.1,10.9,896.8,,1434.1,,1009.7,1.1,13.5,4.0,48.6,12.9,46.4,0.0,46.4,20.0,,122.0,,,,91.0,60.0,10.0,2.0,0.0,180.0,8.8,0.8,19.7,,,
AND,2025-05-05,5.4,7.7,2.8,,,,89.3,8.0,894.9,,1407.1,,1007.6,1.1,6.6,4.0,23.8,6.4,23.0,0.0,18.3,44.6,,53.0,,,,52.0,0.0,0.0,0.9,0.0,315.0,14.6,6.6,44.4,,,
AND,2025-05-06,6.7,11.0,4.0,,,,81.1,7.9,898.7,,1443.9,,1011.8,1.6,7.4,5.8,26.6,7.2,25.9,0.0,0.0,0.2,,123.0,,,,110.0,17.0,3.0,1.7,0.0,343.0,13.3,5.3,-0.1,,,
AND,2025-05-07,7.7,11.6,5.2,,,,83.1,8.7,898.8,,1446.6,,1012.0,1.5,9.0,5.4,32.4,8.7,31.3,0.0,0.9,0.9,,140.0,,,,122.0,33.0,6.0,1.9,0.0,346.0,12.3,4.3,0.6,,,
AND,2025-05-08,7.6,11.9,5.2,,,,81.7,8.4,898.9,,1446.8,,1012.0,1.2,7.8,4.3,28.1,7.6,27.4,0.0,3.3,1.1,,128.0,,,,121.0,3.0,1.0,1.8,0.0,354.0,12.4,4.4,0.8,,,
AND,2025-05-09,8.3,13.9,4.6,,,,81.8,8.8,902.0,,1476.1,,1015.4,1.4,10.8,5.0,38.9,10.4,37.4,0.0,0.1,2.3,,180.0,,,,121.0,160.0,27.0,2.3,0.0,345.0,11.7,3.7,1.6,,,
AND,2025-05-10,9.4,16.6,2.2,,,,72.8,8.2,904.4,,1500.3,,1018.1,1.0,7.4,3.6,26.6,7.2,25.9,10.0,0.0,0.0,,204.0,,,,80.0,304.0,51.0,2.6,0.0,225.0,10.6,2.6,-1.5,,,
AND,2025-05-11,12.4,20.6,2.0,,,,59.5,7.9,900.9,,1473.3,,1014.2,2.6,14.4,9.4,51.8,13.9,50.0,390.0,0.0,0.0,,310.0,,,,62.0,554.0,92.0,4.3,0.0,174.0,0.0,0.0,-3.6,,,
AND,2025-05-12,10.7,18.6,5.8,,,,75.7,9.4,899.8,,1460.6,,1013.0,1.4,10.2,5.0,36.7,9.8,35.3,0.0,16.7,15.7,,142.0,,,,77.0,184.0,31.0,2.4,0.0,22.0,9.3,1.3,14.7,,,
AND,2025-05-13,10.0,15.5,7.2,,,,85.3,10.4,903.3,,1491.0,,1016.8,0.8,6.4,2.9,23.0,6.3,22.7,0.0,0.9,1.9,,138.0,,,,116.0,42.0,7.0,2.0,0.0,225.0,10.0,2.0,1.5,,,
AND,2025-05-14,12.1,20.4,5.2,,,,69.5,9.2,903.5,,1497.3,,1017.1,1.1,6.9,4.0,24.8,6.8,24.5,0.0,0.0,0.0,,302.0,,,,58.0,531.0,88.0,3.9,0.0,16.0,0.0,0.0,-2.9,,,
AND,2025-05-15,9.7,18.1,2.8,,,,71.8,8.2,901.6,,1474.9,,1015.0,1.8,11.2,6.5,40.3,10.8,38.9,0.0,0.2,0.2,,191.0,,,,79.0,292.0,48.0,2.9,0.0,20.0,10.3,2.3,-1.5,,,
AND,2025-05-16,8.2,14.4,0.9,,,,62.3,6.3,902.6,,1481.6,,1016.1,1.9,10.2,6.8,36.7,10.0,36.0,0.0,0.0,0.0,,287.0,,,,59.0,451.0,74.0,3.4,0.0,14.0,11.8,3.8,-3.1,,,
AND,2025-05-17,9.7,15.5,5.1,,,,61.1,7.0,902.7,,1485.3,,1016.2,1.4,7.7,5.0,27.7,7.5,27.0,0.0,0.0,0.0,,214.0,,,,136.0,178.0,29.0,3.0,0.0,11.0,10.3,2.3,-1.7,,,
AND,2025-05-18,10.8,18.4,4.1,,,,62.9,7.6,903.3,,1492.2,,1016.8,1.5,8.5,5.4,30.6,8.3,29.9,0.0,0.0,0.0,,320.0,,,,70.0,551.0,90.0,4.1,0.0,10.0,9.2,1.2,-3.7,,,
AND,2025-05-19,12.8,21.4,1.7,,,,58.0,7.9,904.3,,1505.2,,1017.9,1.4,8.7,5.0,31.3,8.5,30.6,10.0,0.0,0.0,,297.0,,,,82.0,514.0,84.0,4.0,0.0,56.0,0.0,0.0,-4.0,,,
AND,2025-05-20,13.2,18.9,7.5,,,,70.1,10.3,903.0,,1494.8,,1016.6,2.8,13.0,10.1,46.8,12.6,45.4,480.0,2.3,1.8,,132.0,,,,115.0,36.0,6.0,2.7,0.0,155.0,0.0,0.0,1.1,,,
AND,2025-05-21,11.6,15.9,8.6,,,,88.3,11.9,901.5,,1478.0,,1014.9,1.0,5.3,3.6,19.1,5.0,18.0,0.0,17.4,14.0,,120.0,,,,91.0,53.0,9.0,1.9,0.0,342.0,8.4,0.4,13.6,,,
AND,2025-05-22,7.9,9.8,5.7,,,,91.3,9.8,899.1,,1449.4,,1012.2,1.1,6.1,4.0,22.0,5.9,21.2,0.0,6.5,10.3,,58.0,,,,57.0,0.0,0.0,1.0,0.0,333.0,12.1,4.1,10.1,,,
AND,2025-05-23,8.0,13.8,4.1,,,,74.7,7.8,902.8,,1483.2,,1016.3,2.0,9.7,7.2,34.9,9.6,34.6,0.0,0.0,0.1,,179.0,,,,119.0,131.0,21.0,2.5,0.0,11.0,12.0,4.0,-0.9,,,
AND,2025-05-24,10.1,16.2,5.1,,,,64.7,7.5,904.8,,1504.8,,1018.5,1.6,8.1,5.8,29.2,8.0,28.8,0.0,0.1,0.0,,323.0,,,,90.0,534.0,86.0,4.0,0.0,360.0,9.9,1.9,-3.7,,,
AND,2025-05-25,10.7,15.8,5.6,,,,78.6,10.0,905.7,,1514.6,,1019.5,1.2,6.5,4.3,23.4,6.2,22.3,0.0,0.1,0.2,,160.0,,,,125.0,66.0,11.0,2.3,0.0,353.0,9.3,1.3,-0.5,,,
AND,2025-05-26,12.5,19.2,8.2,,,,75.9,10.7,906.4,,1524.5,,1020.3,2.2,10.3,7.9,37.1,10.2,36.7,0.0,0.0,0.0,,237.0,,,,125.0,270.0,43.0,3.5,0.0,3.0,0.0,0.0,-1.6,,,
AND,2025-05-27,10.7,15.5,5.3,,,,77.8,9.9,908.9,,1543.1,,1023.0,1.7,9.4,6.1,33.8,9.1,32.8,0.0,0.0,0.0,,149.0,,,,123.0,54.0,9.0,2.2,0.0,356.0,9.3,1.3,-0.7,,,
AND,2025-05-28,11.3,18.8,4.7,,,,81.2,10.7,908.6,,1541.6,,1022.6,1.2,7.1,4.3,25.6,7.0,25.2,0.0,16.1,8.0,,154.0,,,,100.0,161.0,26.0,2.4,0.0,352.0,8.7,0.7,7.1,,,
AND,2025-05-29,13.0,19.4,8.0,,,,71.7,10.3,911.1,,1568.4,,1025.4,2.0,11.0,7.2,39.6,10.4,37.4,0.0,0.0,8.1,,317.0,,,,99.0,517.0,82.0,4.3,0.0,360.0,0.0,0.0,5.0,,,
AND,2025-05-30,15.3,26.4,5.1,,,,64.2,10.0,911.3,,1575.2,,1025.7,1.2,8.6,4.3,31.0,8.5,30.6,0.0,0.0,0.0,,324.0,,,,28.0,632.0,100.0,4.8,0.0,6.0,0.0,0.0,-4.7,,,
AND,2025-05-31,18.6,28.8,5.9,,,,52.3,9.9,909.2,,1562.6,,1023.4,1.9,10.0,6.8,36.0,9.7,34.9,50.0,0.0,0.0,,323.0,,,,40.0,612.0,97.0,5.5,0.3,124.0,0.0,0.0,-6.0,,,
AND,2025-06-01,18.3,27.0,11.0,,,,62.4,12.2,906.7,,1538.7,,1020.6,2.2,13.8,7.9,49.7,12.9,46.4,50.0,1.4,1.3,,273.0,,,,108.0,483.0,76.0,4.9,0.0,146.0,0.0,0.0,-2.7,,,
AND,2025-06-02,13.0,15.4,10.1,,,,95.1,14.3,906.8,,1528.6,,1020.7,0.6,2.7,2.2,9.7,2.6,9.4,0.0,36.0,26.2,,25.0,,,,22.0,10.0,2.0,0.8,0.0,315.0,0.0,0.0,26.0,,,
AND,2025-06-03,16.3,23.2,11.9,,,,73.7,13.2,905.3,,1521.8,,1019.1,2.8,14.1,10.1,50.8,13.9,50.0,100.0,1.0,10.9,,258.0,,,,100.0,393.0,62.0,4.4,0.0,162.0,0.0,0.0,8.4,,,
AND,2025-06-04,14.9,19.2,11.8,,,,75.9,12.5,903.8,,1504.8,,1017.4,2.1,14.9,7.6,53.6,14.7,52.9,450.0,15.0,9.8,,51.0,,,,45.0,10.0,2.0,1.8,0.0,195.0,0.0,0.0,9.2,,,
AND,2025-06-05,12.5,15.8,10.6,,,,92.9,13.4,904.3,,1505.3,,1018.0,0.8,6.4,2.9,23.0,6.0,21.6,0.0,14.6,19.8,,52.0,,,,47.0,17.0,3.0,1.2,0.0,180.0,0.0,0.0,19.6,,,
AND,2025-06-06,16.8,22.2,9.8,,,,67.9,12.5,904.9,,1519.3,,1018.7,3.8,13.2,13.7,47.5,12.7,45.7,250.0,0.7,0.2,,243.0,,,,118.0,335.0,53.0,4.2,0.0,166.0,0.0,0.0,-2.5,,,
AND,2025-06-07,13.9,17.1,12.4,,,,91.4,14.5,903.6,,1501.3,,1017.2,1.0,6.4,3.6,23.0,6.3,22.7,0.0,6.4,6.2,,73.0,,,,51.0,44.0,7.0,1.5,0.0,338.0,0.0,0.0,5.9,,,
AND,2025-06-08,14.0,20.3,6.4,,,,75.7,11.8,905.5,,1518.5,,1019.2,1.9,10.9,6.8,39.2,10.4,37.4,0.0,0.0,0.7,,270.0,,,,107.0,389.0,61.0,3.7,0.0,7.0,0.0,0.0,-1.7,,,
AND,2025-06-09,13.7,22.3,6.5,,,,68.8,10.1,910.3,,1562.3,,1024.5,0.9,6.3,3.2,22.7,6.1,22.0,0.0,0.0,0.0,,316.0,,,,83.0,604.0,94.0,4.3,0.0,351.0,0.0,0.0,-4.4,,,
AND,2025-06-10,16.1,26.0,6.6,,,,67.9,11.4,907.9,,1545.3,,1022.0,1.0,6.8,3.6,24.5,6.6,23.8,0.0,0.0,0.0,,299.0,,,,90.0,528.0,82.0,4.5,0.0,344.0,0.0,0.0,-4.1,,,
AND,2025-06-11,16.8,25.5,8.5,,,,67.4,12.0,907.5,,1542.4,,1021.4,1.2,8.7,4.3,31.3,8.5,30.6,0.0,0.0,0.0,,316.0,,,,66.0,640.0,100.0,4.8,0.0,360.0,0.0,0.0,-4.9,,,
AND,2025-06-12,19.0,29.1,9.5,,,,62.3,12.4,907.1,,1543.9,,1021.1,1.2,7.5,4.3,27.0,7.3,26.3,0.0,0.0,0.0,,325.0,,,,48.0,641.0,100.0,5.2,0.7,13.0,0.0,0.0,-5.6,,,
AND,2025-06-13,19.9,30.4,10.0,,,,61.6,13.5,910.2,,1574.3,,1024.4,1.2,8.4,4.3,30.2,8.1,29.2,0.0,0.0,0.0,,237.0,,,,59.0,408.0,63.0,4.4,1.6,194.0,0.0,0.0,-4.0,,,
AND,2025-06-14,19.6,30.5,11.8,,,,65.0,14.2,911.5,,1585.6,,1025.8,1.6,14.9,5.8,53.6,14.4,51.8,0.0,0.0,0.0,,205.0,,,,50.0,362.0,56.0,4.3,1.3,135.0,0.0,0.0,-3.3,,,
AND,2025-06-15,17.9,27.4,9.5,,,,73.9,14.4,909.8,,1566.5,,1024.0,1.4,14.9,5.0,53.6,13.7,49.3,10.0,4.8,4.1,,255.0,,,,90.0,431.0,67.0,4.3,0.0,344.0,0.0,0.0,1.2,,,
AND,2025-06-16,16.1,21.0,9.2,,,,73.1,13.1,911.8,,1581.3,,1026.2,2.4,9.9,8.6,35.6,9.5,34.2,0.0,0.0,0.7,,278.0,,,,114.0,389.0,60.0,4.0,0.0,18.0,0.0,0.0,-2.1,,,
AND,2025-06-17,16.0,24.1,8.3,,,,69.6,12.0,911.3,,1576.2,,1025.6,1.4,8.4,5.0,30.2,8.1,29.2,0.0,0.0,0.0,,307.0,,,,73.0,642.0,100.0,4.6,0.0,6.0,0.0,0.0,-4.7,,,
AND,2025-06-18,17.9,26.6,8.2,,,,69.3,13.5,910.7,,1574.8,,1025.0,1.2,8.5,4.3,30.6,8.4,30.2,0.0,0.0,0.0,,318.0,,,,56.0,643.0,100.0,4.8,0.0,347.0,0.0,0.0,-4.8,,,
AND,2025-06-19,19.3,27.6,10.6,,,,63.6,13.1,910.4,,1574.9,,1024.6,1.6,8.8,5.8,31.7,8.7,31.3,0.0,0.0,0.0,,330.0,,,,35.0,642.0,100.0,5.3,1.0,13.0,0.0,0.0,-5.6,,,
AND,2025-06-20,19.3,27.5,10.1,,,,63.4,13.2,910.0,,1571.1,,1024.2,1.4,8.7,5.0,31.3,8.5,30.6,0.0,0.0,0.0,,328.0,,,,36.0,643.0,100.0,5.2,1.0,15.0,0.0,0.0,-5.7,,,
AND,2025-06-21,16.3,27.7,10.5,,,,80.1,14.4,910.2,,1567.1,,1024.5,1.0,10.6,3.6,38.2,10.2,36.7,30.0,2.5,2.5,,167.0,,,,45.0,305.0,47.0,3.2,0.0,117.0,0.0,0.0,0.7,,,
AND,2025-06-22,18.9,29.3,8.6,,,,62.4,12.4,909.2,,1563.0,,1023.4,1.3,9.2,4.7,33.1,9.0,32.4,0.0,0.0,0.0,,327.0,,,,32.0,624.0,97.0,5.3,0.6,180.0,0.0,0.0,-5.7,,,
AND,2025-06-23,17.7,27.0,12.5,,,,78.8,15.7,907.1,,1541.1,,1021.0,1.3,14.0,4.7,50.4,13.5,48.6,0.0,6.1,6.1,,216.0,,,,82.0,344.0,53.0,3.8,0.0,18.0,0.0,0.0,4.0,,,
AND,2025-06-24,19.4,27.3,11.7,,,,67.8,14.2,906.6,,1539.6,,1020.5,1.5,9.8,5.4,35.3,9.3,33.5,0.0,0.0,0.0,,327.0,,,,36.0,642.0,100.0,5.2,1.1,17.0,0.0,0.0,-5.1,,,
AND,2025-06-25,20.6,30.3,10.1,,,,62.1,13.9,906.4,,1540.6,,1020.3,1.1,7.5,4.0,27.0,7.4,26.6,0.0,0.0,0.0,,320.0,,,,43.0,642.0,100.0,5.2,2.3,16.0,0.0,0.0,-6.0,,,
AND,2025-06-26,18.5,27.6,14.9,,,,80.2,16.6,907.9,,1549.8,,1021.9,1.3,16.2,4.7,58.3,15.7,56.5,0.0,4.3,4.3,,149.0,,,,61.0,208.0,32.0,3.1,0.2,7.0,0.0,0.0,2.9,,,
AND,2025-06-27,18.6,25.0,13.1,,,,75.3,15.6,912.9,,1596.8,,1027.4,1.2,7.9,4.3,28.4,7.8,28.1,0.0,0.0,0.0,,261.0,,,,97.0,428.0,67.0,4.2,0.3,360.0,0.0,0.0,-3.0,,,
AND,2025-06-28,20.2,28.1,13.2,,,,67.9,15.2,914.4,,1614.0,,1029.0,1.3,7.4,4.7,26.6,7.3,26.3,0.0,0.0,0.0,,321.0,,,,35.0,615.0,96.0,5.2,1.9,15.0,0.0,0.0,-5.0,,,
AND,2025-06-29,21.2,30.7,11.6,,,,61.6,14.2,911.8,,1592.2,,1026.2,1.4,8.2,5.0,29.5,7.9,28.4,0.0,0.0,0.0,,327.0,,,,23.0,641.0,100.0,5.6,2.9,10.0,0.0,0.0,-6.2,,,
AND,2025-06-30,19.4,30.1,12.5,,,,75.5,16.3,909.4,,1566.0,,1023.6,1.6,12.7,5.8,45.7,12.4,44.6,100.0,3.1,3.0,,150.0,,,,72.0,168.0,26.0,3.4,1.1,149.0,0.0,0.0,1.5,,,
AND,2025-07-01,18.6,29.1,10.8,,,,74.8,15.2,908.8,,1559.1,,1023.0,1.7,12.1,6.1,43.6,11.9,42.8,0.0,0.2,0.2,,240.0,,,,57.0,379.0,59.0,4.4,0.3,117.0,0.0,0.0,-2.6,,,
AND,2025-07-02,20.0,28.8,10.6,,,,68.5,14.7,908.2,,1555.6,,1022.2,2.0,12.3,7.2,44.3,11.9,42.8,300.0,0.7,0.8,,262.0,,,,71.0,502.0,78.0,4.8,1.7,169.0,0.0,0.0,-3.4,,,
AND,2025-07-03,18.7,25.2,12.6,,,,76.5,16.1,911.2,,1581.5,,1025.6,1.2,9.0,4.3,32.4,8.7,31.3,0.0,2.5,0.0,,206.0,,,,97.0,321.0,50.0,3.5,0.4,360.0,0.0,0.0,-2.3,,,
AND,2025-07-04,18.4,25.5,11.4,,,,77.3,15.9,911.6,,1584.7,,1026.0,1.6,8.9,5.8,32.0,8.7,31.3,0.0,0.1,2.6,,254.0,,,,74.0,437.0,68.0,4.1,0.1,6.0,0.0,0.0,-0.3,,,
AND,2025-07-05,17.9,27.8,11.4,,,,78.2,15.3,907.1,,1541.4,,1021.0,1.8,12.0,6.5,43.2,11.7,42.1,0.0,2.2,2.2,,203.0,,,,65.0,316.0,49.0,3.9,0.0,180.0,0.0,0.0,0.0,,,
AND,2025-07-06,16.0,22.7,12.9,,,,84.9,15.2,901.0,,1480.7,,1014.3,1.1,12.3,4.0,44.3,11.9,42.8,0.0,12.6,10.7,,120.0,,,,74.0,126.0,20.0,2.4,0.0,360.0,0.0,0.0,9.8,,,
AND,2025-07-07,13.8,20.1,9.0,,,,80.4,12.5,897.0,,1439.9,,1009.9,1.8,13.0,6.5,46.8,12.5,45.0,0.0,15.8,16.5,,253.0,,,,93.0,309.0,49.0,3.6,0.0,352.0,0.0,0.0,14.5,,,
AND,2025-07-08,10.0,13.2,6.3,,,,79.1,9.7,902.2,,1480.9,,1015.6,1.9,9.6,6.8,34.6,9.4,33.8,0.0,0.9,2.1,,130.0,,,,104.0,56.0,9.0,1.9,0.0,4.0,10.0,2.0,1.3,,,
AND,2025-07-09,10.9,16.5,6.2,,,,75.7,9.6,908.9,,1543.7,,1023.0,1.5,8.4,5.4,30.2,8.2,29.5,0.0,0.0,0.0,,235.0,,,,134.0,248.0,39.0,3.1,0.0,15.0,9.1,1.1,-2.0,,,
AND,2025-07-10,13.1,21.6,4.5,,,,67.3,9.4,908.6,,1545.1,,1022.6,1.5,7.9,5.4,28.4,7.7,27.7,0.0,0.0,0.0,,324.0,,,,25.0,634.0,100.0,4.4,0.0,9.0,0.0,0.0,-5.5,,,
AND,2025-07-11,14.2,21.0,6.5,,,,69.0,10.6,905.7,,1520.9,,1019.5,1.3,8.0,4.7,28.8,7.8,28.1,0.0,0.0,0.0,,206.0,,,,99.0,267.0,42.0,3.2,0.0,29.0,0.0,0.0,-2.7,,,
AND,2025-07-12,17.0,24.7,7.8,,,,62.9,11.5,902.3,,1494.8,,1015.8,1.7,11.6,6.1,41.8,11.3,40.7,0.0,0.0,0.0,,221.0,,,,87.0,365.0,58.0,3.8,0.0,180.0,0.0,0.0,-4.0,,,
AND,2025-07-13,17.3,23.9,12.4,,,,72.2,13.7,904.1,,1511.9,,1017.7,2.5,13.3,9.0,47.9,12.8,46.1,110.0,2.9,2.9,,180.0,,,,98.0,191.0,30.0,3.6,0.0,151.0,0.0,0.0,0.9,,,
AND,2025-07-14,15.5,21.4,11.2,,,,85.5,14.8,909.1,,1554.8,,1023.2,0.8,5.0,2.9,18.0,4.9,17.6,0.0,2.4,2.4,,163.0,,,,90.0,179.0,28.0,2.6,0.0,333.0,0.0,0.0,1.3,,,
AND,2025-07-15,16.4,22.1,9.6,,,,78.1,14.2,908.6,,1551.9,,1022.6,1.4,10.4,5.0,37.4,9.9,35.6,0.0,0.6,0.6,,223.0,,,,118.0,287.0,46.0,3.4,0.0,342.0,0.0,0.0,-1.5,,,
AND,2025-07-16,16.1,21.4,13.3,,,,80.3,14.4,906.3,,1530.8,,1020.2,1.5,8.3,5.4,29.9,8.0,28.8,0.0,1.9,1.3,,184.0,,,,125.0,137.0,22.0,3.1,0.0,338.0,0.0,0.0,0.1,,,
AND,2025-07-17,15.5,22.3,9.1,,,,75.7,12.8,905.7,,1523.2,,1019.4,1.8,8.6,6.5,31.0,8.2,29.5,0.0,0.0,0.6,,301.0,,,,58.0,508.0,82.0,4.3,0.0,356.0,0.0,0.0,-2.9,,,
AND,2025-07-18,16.6,26.9,6.9,,,,67.9,11.9,904.1,,1510.2,,1017.7,1.3,7.9,4.7,28.4,7.6,27.4,0.0,0.0,0.0,,301.0,,,,51.0,599.0,96.0,4.6,0.0,6.0,0.0,0.0,-5.2,,,
AND,2025-07-19,18.4,28.2,11.0,,,,72.4,14.4,901.9,,1493.5,,1015.3,2.2,25.3,7.9,91.1,24.5,88.2,380.0,0.0,0.0,,226.0,,,,93.0,336.0,54.0,4.4,0.1,176.0,0.0,0.0,-2.9,,,
AND,2025-07-20,19.7,28.0,10.6,,,,66.1,14.1,899.1,,1469.4,,1012.2,2.7,12.7,9.7,45.7,12.0,43.2,580.0,28.4,7.3,,186.0,,,,114.0,194.0,31.0,4.1,1.4,195.0,0.0,0.0,4.9,,,
AND,2025-07-21,14.2,19.1,11.6,,,,88.9,14.4,900.0,,1468.7,,1013.2,1.1,6.7,4.0,24.1,6.6,23.8,0.0,15.7,36.4,,139.0,,,,65.0,158.0,26.0,2.3,0.0,304.0,0.0,0.0,35.6,,,
AND,2025-07-22,16.6,22.9,11.5,,,,75.4,13.7,903.1,,1502.1,,1016.7,1.5,8.4,5.4,30.2,8.2,29.5,0.0,0.0,0.4,,290.0,,,,61.0,507.0,83.0,4.3,0.0,6.0,0.0,0.0,-3.1,,,
AND,2025-07-23,16.7,24.2,12.1,,,,80.4,14.9,902.8,,1498.5,,1016.3,1.3,8.3,4.7,29.9,8.0,28.8,0.0,16.1,11.5,,204.0,,,,95.0,296.0,48.0,3.4,0.0,352.0,0.0,0.0,9.6,,,
AND,2025-07-24,14.6,20.0,12.1,,,,88.2,14.5,902.7,,1494.1,,1016.2,1.3,10.0,4.7,36.0,9.6,34.6,0.0,18.5,7.9,,152.0,,,,106.0,89.0,15.0,2.5,0.0,346.0,0.0,0.0,7.3,,,
AND,2025-07-25,13.9,19.9,9.7,,,,84.1,13.2,904.7,,1510.8,,1018.3,0.9,4.0,3.2,14.4,3.9,14.0,0.0,3.6,18.0,,177.0,,,,126.0,117.0,19.0,2.7,0.0,0.0,0.0,0.0,17.1,,,
AND,2025-07-26,13.5,14.6,12.3,,,,94.8,14.6,903.9,,1503.4,,1017.5,0.5,2.7,1.8,9.7,2.7,9.7,0.0,13.8,13.6,,39.0,,,,38.0,0.0,0.0,0.9,0.0,270.0,0.0,0.0,13.4,,,
AND,2025-07-27,14.6,19.1,12.2,,,,87.3,14.4,903.1,,1497.8,,1016.6,1.2,7.6,4.3,27.4,7.4,26.6,0.0,3.3,2.6,,173.0,,,,121.0,128.0,21.0,2.6,0.0,337.0,0.0,0.0,1.8,,,
AND,2025-07-28,12.5,15.1,10.1,,,,85.7,12.4,902.9,,1491.8,,1016.4,2.0,9.1,7.2,32.8,8.9,32.0,0.0,0.8,2.2,,101.0,,,,98.0,0.0,0.0,1.7,0.0,360.0,0.0,0.0,1.8,,,
AND,2025-07-29,12.8,19.1,7.0,,,,77.8,11.2,906.8,,1528.4,,1020.7,1.7,9.3,6.1,33.5,9.1,32.8,0.0,0.0,0.3,,244.0,,,,100.0,288.0,48.0,3.3,0.0,5.0,0.0,0.0,-1.8,,,
AND,2025-07-30,13.0,19.5,6.5,,,,76.0,11.0,906.8,,1528.9,,1020.7,1.1,7.1,4.0,25.6,7.0,25.2,0.0,0.0,0.0,,183.0,,,,122.0,154.0,26.0,2.7,0.0,11.0,0.0,0.0,-1.5,,,
AND,2025-07-31,14.1,20.1,9.1,,,,80.3,12.6,907.1,,1533.8,,1021.0,1.4,10.0,5.0,36.0,9.6,34.6,0.0,2.3,0.0,,203.0,,,,126.0,155.0,26.0,3.0,0.0,346.0,0.0,0.0,-1.2,,,
AND,2025-08-01,13.2,20.3,7.7,,,,90.1,13.6,903.4,,1498.2,,1017.0,1.1,10.1,4.0,36.4,10.0,36.0,0.0,10.0,9.1,,156.0,,,,82.0,168.0,28.0,2.4,0.0,0.0,0.0,0.0,8.4,,,
AND,2025-08-02,12.6,16.0,9.9,,,,90.5,13.2,902.5,,1489.1,,1016.0,1.3,8.2,4.7,29.5,8.1,29.2,0.0,8.6,11.8,,130.0,,,,108.0,41.0,7.0,1.9,0.0,360.0,0.0,0.0,11.4,,,
AND,2025-08-03,13.2,18.7,10.0,,,,78.7,11.7,908.0,,1540.1,,1022.0,1.3,8.5,4.7,30.6,8.2,29.5,0.0,0.0,0.0,,179.0,,,,130.0,111.0,19.0,2.7,0.0,360.0,0.0,0.0,-1.1,,,
AND,2025-08-04,13.9,19.0,8.6,,,,80.9,12.6,910.8,,1567.7,,1025.2,1.0,6.6,3.6,23.8,6.4,23.0,0.0,0.0,0.0,,168.0,,,,132.0,89.0,15.0,2.5,0.0,342.0,0.0,0.0,-0.9,,,
AND,2025-08-05,16.6,25.2,7.6,,,,74.7,13.5,909.6,,1561.8,,1023.8,1.4,9.2,5.0,33.1,9.0,32.4,0.0,7.8,7.7,,226.0,,,,106.0,311.0,53.0,3.5,0.0,360.0,0.0,0.0,5.3,,,
AND,2025-08-06,16.1,22.5,10.8,,,,79.7,14.2,910.3,,1567.4,,1024.6,0.8,5.1,2.9,18.4,5.0,18.0,0.0,0.0,0.1,,234.0,,,,121.0,331.0,56.0,3.4,0.0,326.0,0.0,0.0,-2.0,,,
AND,2025-08-07,18.5,28.4,10.1,,,,70.8,13.8,908.7,,1557.5,,1022.8,1.5,9.7,5.4,34.9,9.5,34.2,390.0,0.0,0.0,,283.0,,,,52.0,574.0,98.0,4.6,0.2,193.0,0.0,0.0,-4.3,,,
AND,2025-08-08,19.0,28.9,10.6,,,,70.2,14.5,910.4,,1574.0,,1024.6,0.8,6.8,2.9,24.5,6.4,23.0,0.0,0.0,0.0,,285.0,,,,32.0,584.0,100.0,4.3,0.7,342.0,0.0,0.0,-4.5,,,
AND,2025-08-09,19.9,30.9,11.3,,,,68.3,14.7,911.6,,1587.1,,1025.9,0.9,6.7,3.2,24.1,6.6,23.8,0.0,0.0,0.0,,287.0,,,,39.0,583.0,100.0,4.6,1.6,360.0,0.0,0.0,-4.7,,,
AND,2025-08-10,20.0,28.9,11.6,,,,69.7,15.7,912.7,,1597.8,,1027.2,1.1,9.5,4.0,34.2,9.2,33.1,0.0,0.0,0.0,,276.0,,,,49.0,580.0,100.0,4.4,1.7,360.0,0.0,0.0,-4.5,,,
AND,2025-08-11,20.8,31.4,13.1,,,,74.8,17.5,909.9,,1573.8,,1024.2,0.9,6.7,3.2,24.1,6.6,23.8,0.0,0.0,0.0,,277.0,,,,47.0,566.0,98.0,4.5,2.5,333.0,0.0,0.0,-3.7,,,
AND,2025-08-12,21.2,31.0,13.1,,,,70.5,16.8,908.6,,1562.1,,1022.7,1.0,7.9,3.6,28.4,7.7,27.7,0.0,0.0,0.0,,278.0,,,,50.0,576.0,100.0,4.5,2.9,8.0,0.0,0.0,-4.3,,,
AND,2025-08-13,20.7,31.1,11.8,,,,62.4,14.1,908.9,,1563.7,,1023.0,0.8,5.5,2.9,19.8,5.5,19.8,0.0,0.0,0.0,,270.0,,,,72.0,575.0,100.0,4.3,2.4,11.0,0.0,0.0,-5.4,,,
AND,2025-08-14,20.7,29.2,12.3,,,,62.9,14.7,909.3,,1567.4,,1023.4,1.1,7.9,4.0,28.4,7.6,27.4,0.0,0.0,0.0,,237.0,,,,92.0,519.0,90.0,4.0,2.4,207.0,0.0,0.0,-4.8,,,
AND,2025-08-15,20.5,28.9,11.5,,,,60.2,13.7,910.9,,1581.9,,1025.2,1.5,8.8,5.4,31.7,8.8,31.7,0.0,0.0,0.0,,268.0,,,,51.0,532.0,93.0,4.5,2.2,24.0,0.0,0.0,-5.3,,,
AND,2025-08-16,18.2,25.0,11.5,,,,73.9,15.1,909.2,,1561.1,,1023.3,1.1,12.2,4.0,43.9,11.7,42.1,0.0,0.0,0.0,,208.0,,,,80.0,373.0,65.0,3.3,0.0,360.0,0.0,0.0,-2.7,,,
AND,2025-08-17,18.6,25.1,12.4,,,,73.8,15.3,906.3,,1534.8,,1020.1,1.7,8.3,6.1,29.9,8.2,29.5,0.0,0.0,0.0,,233.0,,,,61.0,409.0,72.0,3.7,0.3,18.0,0.0,0.0,-2.9,,,
AND,2025-08-18,17.9,26.5,10.5,,,,69.8,13.6,905.5,,1526.7,,1019.3,1.0,7.3,3.6,26.3,6.9,24.8,0.0,0.0,0.0,,265.0,,,,40.0,553.0,97.0,3.9,0.0,346.0,0.0,0.0,-4.1,,,
AND,2025-08-19,19.1,27.8,11.3,,,,70.0,14.4,903.4,,1508.6,,1016.9,1.8,13.5,6.5,48.6,12.8,46.1,20.0,8.3,0.7,,234.0,,,,64.0,438.0,77.0,4.0,0.8,72.0,0.0,0.0,-2.7,,,
AND,2025-08-20,15.8,20.0,12.9,,,,91.4,16.3,899.8,,1469.9,,1013.1,0.6,3.1,2.2,11.2,3.0,10.8,0.0,8.3,15.9,,106.0,,,,90.0,25.0,4.0,1.8,0.0,360.0,0.0,0.0,15.6,,,
AND,2025-08-21,14.2,17.7,11.7,,,,90.9,14.6,898.3,,1452.3,,1011.3,0.7,5.4,2.5,19.4,5.3,19.1,0.0,7.8,6.9,,100.0,,,,94.0,0.0,0.0,1.6,0.0,333.0,0.0,0.0,6.6,,,
AND,2025-08-22,15.0,20.2,11.4,,,,84.0,14.1,903.9,,1506.2,,1017.5,1.3,7.8,4.7,28.1,7.5,27.0,0.0,0.0,0.9,,216.0,,,,105.0,305.0,56.0,3.0,0.0,339.0,0.0,0.0,-0.5,,,
AND,2025-08-23,14.3,19.0,10.2,,,,78.1,12.5,905.3,,1517.5,,1019.0,1.8,9.4,6.5,33.8,9.2,33.1,0.0,0.0,0.0,,197.0,,,,99.0,253.0,47.0,2.8,0.0,360.0,0.0,0.0,-1.6,,,
AND,2025-08-24,13.9,20.8,9.1,,,,78.4,12.0,906.1,,1523.9,,1019.9,0.9,6.2,3.2,22.3,6.1,22.0,0.0,0.0,0.0,,212.0,,,,65.0,377.0,70.0,2.9,0.0,360.0,0.0,0.0,-2.1,,,
AND,2025-08-25,14.6,24.3,7.4,,,,72.1,11.1,906.4,,1528.7,,1020.3,0.9,6.0,3.2,21.6,5.9,21.2,0.0,0.0,0.0,,250.0,,,,48.0,535.0,100.0,3.4,0.0,333.0,0.0,0.0,-3.5,,,
AND,2025-08-26,16.4,26.2,7.3,,,,67.5,11.5,904.9,,1517.7,,1018.6,1.1,6.8,4.0,24.5,6.7,24.1,0.0,0.0,0.0,,248.0,,,,46.0,516.0,98.0,3.6,0.0,11.0,0.0,0.0,-3.9,,,
AND,2025-08-27,18.9,24.3,13.9,,,,64.2,13.7,903.5,,1509.3,,1017.0,2.5,12.0,9.0,43.2,11.8,42.5,470.0,4.7,0.0,,157.0,,,,99.0,189.0,36.0,3.3,0.6,161.0,0.0,0.0,-2.1,,,
AND,2025-08-28,14.7,17.5,12.8,,,,96.1,16.1,898.5,,1455.4,,1011.6,0.8,3.5,2.9,12.6,3.4,12.2,0.0,54.6,45.3,,16.0,,,,15.0,0.0,0.0,0.7,0.0,360.0,0.0,0.0,45.2,,,
AND,2025-08-29,12.6,16.1,10.6,,,,93.3,13.6,896.6,,1433.9,,1009.4,1.0,10.5,3.6,37.8,10.4,37.4,0.0,24.9,28.1,,53.0,,,,47.0,17.0,3.0,1.1,0.0,315.0,0.0,0.0,27.9,,,
AND,2025-08-30,11.6,18.3,8.2,,,,84.9,11.4,901.5,,1478.1,,1014.9,1.0,8.1,3.6,29.2,7.9,28.4,0.0,0.4,11.2,,178.0,,,,101.0,187.0,36.0,2.4,0.0,31.0,8.4,0.4,10.3,,,
AND,2025-08-31,14.6,24.3,5.1,,,,66.9,10.4,902.7,,1494.2,,1016.2,2.1,11.9,7.6,42.8,11.2,40.3,10.0,0.0,0.0,,239.0,,,,24.0,512.0,100.0,3.7,0.0,169.0,0.0,0.0,-3.8,,,
AND,2025-09-01,15.5,18.2,12.3,,,,74.5,13.0,900.7,,1477.1,,1014.0,2.3,10.6,8.3,38.2,10.4,37.4,70.0,9.8,0.2,,75.0,,,,70.0,7.0,1.0,1.8,0.0,160.0,0.0,0.0,-0.4,,,
AND,2025-09-02,11.5,16.7,7.4,,,,87.1,11.7,902.6,,1487.3,,1016.1,0.8,5.6,2.9,20.2,5.4,19.4,0.0,1.0,10.6,,120.0,,,,80.0,110.0,22.0,1.7,0.0,315.0,8.5,0.5,10.0,,,
AND,2025-09-03,13.4,24.1,5.2,,,,73.4,10.6,905.0,,1512.8,,1018.7,1.2,8.6,4.3,31.0,8.5,30.6,0.0,0.0,0.0,,216.0,,,,63.0,418.0,84.0,3.1,0.0,166.0,0.0,0.0,-2.6,,,
AND,2025-09-04,15.6,25.9,7.4,,,,72.1,11.9,904.8,,1515.7,,1018.5,2.0,13.7,7.2,49.3,13.2,47.5,300.0,9.5,8.5,,205.0,,,,60.0,414.0,83.0,3.5,0.0,225.0,0.0,0.0,5.8,,,
AND,2025-09-05,10.4,13.6,5.2,,,,91.6,11.5,910.1,,1553.7,,1024.4,1.1,14.8,4.0,53.3,14.1,50.8,0.0,10.4,11.4,,99.0,,,,61.0,112.0,23.0,1.2,0.0,9.0,9.6,1.6,11.0,,,
AND,2025-09-06,10.3,20.9,3.5,,,,82.7,10.0,910.6,,1557.8,,1024.9,0.5,3.7,1.8,13.3,3.6,13.0,0.0,0.0,0.0,,226.0,,,,35.0,488.0,100.0,2.6,0.0,0.0,9.7,1.7,-1.9,,,
AND,2025-09-07,12.8,22.7,5.5,,,,77.5,11.1,907.8,,1537.4,,1021.8,0.5,2.8,1.8,10.1,2.7,9.7,0.0,0.0,0.0,,198.0,,,,98.0,428.0,88.0,2.5,0.0,0.0,0.0,0.0,-2.2,,,
AND,2025-09-08,13.7,19.3,6.6,,,,82.2,12.8,905.7,,1520.3,,1019.5,0.5,2.6,1.8,9.4,2.5,9.0,0.0,0.0,0.0,,109.0,,,,100.0,3.0,1.0,1.6,0.0,360.0,0.0,0.0,-0.4,,,
AND,2025-09-09,13.8,16.0,11.9,,,,94.0,14.8,903.0,,1495.3,,1016.5,0.9,5.0,3.2,18.0,4.8,17.3,0.0,19.7,4.4,,65.0,,,,61.0,2.0,0.0,1.1,0.0,326.0,0.0,0.0,4.2,,,
AND,2025-09-10,13.2,17.7,10.0,,,,90.9,13.7,899.8,,1464.9,,1013.0,0.7,4.0,2.5,14.4,3.9,14.0,0.0,5.8,21.1,,121.0,,,,76.0,122.0,26.0,1.7,0.0,45.0,0.0,0.0,20.7,,,
AND,2025-09-11,12.3,20.0,7.0,,,,84.8,11.9,902.4,,1486.9,,1015.8,1.2,6.5,4.3,23.4,6.3,22.7,0.0,0.9,0.7,,197.0,,,,37.0,398.0,84.0,2.5,0.0,360.0,0.0,0.0,-0.7,,,
AND,2025-09-12,11.9,16.4,9.5,,,,88.0,12.1,907.4,,1531.9,,1021.3,1.2,8.4,4.3,30.2,8.3,29.9,0.0,2.7,1.2,,143.0,,,,81.0,179.0,38.0,1.9,0.0,333.0,8.1,0.1,0.5,,,
AND,2025-09-13,12.5,18.7,9.1,,,,84.4,12.0,907.7,,1536.2,,1021.7,1.3,9.8,4.7,35.3,9.7,34.9,0.0,2.1,2.8,,87.0,,,,76.0,15.0,3.0,1.6,0.0,180.0,0.0,0.0,2.4,,,
AND,2025-09-14,12.6,19.1,7.9,,,,85.8,12.3,906.8,,1527.9,,1020.7,1.0,6.4,3.6,23.0,6.3,22.7,0.0,0.0,1.0,,176.0,,,,64.0,297.0,65.0,2.2,0.0,360.0,0.0,0.0,0.0,,,
AND,2025-09-15,15.6,24.4,5.9,,,,70.6,11.7,907.1,,1536.6,,1021.0,2.7,13.6,9.7,49.0,13.2,47.5,210.0,0.1,0.0,,196.0,,,,23.0,439.0,96.0,3.2,0.0,162.0,0.0,0.0,-2.6,,,
AND,2025-09-16,12.8,17.3,8.7,,,,81.6,11.9,909.2,,1550.5,,1023.4,1.7,9.7,6.1,34.9,9.5,34.2,0.0,0.0,0.1,,175.0,,,,76.0,269.0,59.0,2.1,0.0,356.0,0.0,0.0,-1.1,,,
AND,2025-09-17,12.0,19.2,7.6,,,,79.5,10.8,912.3,,1576.6,,1026.7,0.9,8.1,3.2,29.2,7.7,27.7,0.0,0.0,0.0,,194.0,,,,53.0,432.0,96.0,2.3,0.0,349.0,8.0,0.0,-1.8,,,
AND,2025-09-18,13.5,24.5,5.8,,,,81.0,12.2,914.5,,1600.1,,1029.2,0.5,4.0,1.8,14.4,3.9,14.0,0.0,0.0,0.0,,192.0,,,,21.0,449.0,100.0,2.3,0.0,0.0,0.0,0.0,-1.7,,,
AND,2025-09-19,16.2,30.0,7.1,,,,65.5,10.9,915.4,,1614.6,,1030.2,1.3,10.7,4.7,38.5,10.5,37.8,0.0,0.0,0.0,,196.0,,,,23.0,446.0,100.0,3.2,0.0,180.0,0.0,0.0,-2.9,,,
AND,2025-09-20,17.2,27.5,8.3,,,,61.7,11.2,911.5,,1580.6,,1025.9,2.0,12.5,7.2,45.0,12.3,44.3,300.0,0.0,0.0,,189.0,,,,24.0,439.0,99.0,3.4,0.0,180.0,0.0,0.0,-3.1,,,
AND,2025-09-21,17.0,22.9,11.0,,,,68.5,12.7,904.8,,1518.0,,1018.5,2.1,9.8,7.6,35.3,9.7,34.9,580.0,34.8,15.0,,69.0,,,,49.0,59.0,13.0,2.0,0.0,165.0,0.0,0.0,14.2,,,
AND,2025-09-22,13.2,18.0,11.3,,,,92.7,14.0,901.0,,1476.3,,1014.4,0.7,5.1,2.5,18.4,4.9,17.6,0.0,19.9,39.2,,81.0,,,,54.0,83.0,19.0,1.3,0.0,326.0,0.0,0.0,38.9,,,
AND,2025-09-23,11.0,13.3,8.7,,,,94.2,12.4,903.2,,1491.8,,1016.7,0.9,5.0,3.2,18.0,4.9,17.6,0.0,23.3,17.6,,53.0,,,,49.0,7.0,2.0,0.9,0.0,360.0,9.0,1.0,17.5,,,
AND,2025-09-24,8.7,13.8,6.0,,,,91.3,10.2,902.8,,1484.7,,1016.3,0.8,7.0,2.9,25.2,6.8,24.5,0.0,9.1,14.3,,88.0,,,,60.0,94.0,22.0,1.2,0.0,360.0,11.3,3.3,14.0,,,
AND,2025-09-25,8.8,12.0,7.1,,,,89.7,10.1,904.3,,1498.1,,1018.0,0.8,5.2,2.9,18.7,5.1,18.4,0.0,0.1,1.1,,95.0,,,,72.0,54.0,13.0,1.2,0.0,333.0,11.2,3.2,0.8,,,
AND,2025-09-26,8.5,13.8,4.9,,,,88.0,9.7,905.5,,1508.6,,1019.3,1.0,10.8,3.6,38.9,10.7,38.5,60.0,3.1,2.1,,83.0,,,,71.0,39.0,9.0,1.2,0.0,153.0,11.5,3.5,1.8,,,
AND,2025-09-27,8.1,10.6,6.3,,,,94.2,10.2,907.4,,1525.1,,1021.4,0.7,4.1,2.5,14.8,3.9,14.0,0.0,4.9,5.9,,62.0,,,,57.0,7.0,2.0,0.9,0.0,346.0,11.9,3.9,5.8,,,
AND,2025-09-28,8.3,16.5,2.3,,,,86.1,9.2,907.4,,1524.8,,1021.4,0.6,2.7,2.2,9.7,2.7,9.7,0.0,0.0,0.0,,168.0,,,,23.0,414.0,100.0,1.6,0.0,135.0,11.7,3.7,-1.1,,,
AND,2025-09-29,9.1,16.4,2.6,,,,84.5,9.5,907.6,,1528.3,,1021.6,0.8,7.2,2.9,25.9,6.9,24.8,0.0,0.0,0.0,,176.0,,,,23.0,422.0,100.0,1.7,0.0,333.0,10.9,2.9,-1.2,,,
AND,2025-09-30,8.8,13.1,4.6,,,,85.6,9.6,908.9,,1539.9,,1023.1,0.9,7.1,3.2,25.6,6.8,24.5,0.0,0.7,0.6,,105.0,,,,86.0,59.0,14.0,1.2,0.0,349.0,11.2,3.2,0.2,,,
AND,2025-10-01,7.7,13.6,0.7,,,,80.6,8.3,910.6,,1552.9,,1024.9,1.3,7.9,4.7,28.4,7.9,28.4,0.0,0.0,0.1,,145.0,,,,58.0,256.0,63.0,1.4,0.0,13.0,12.3,4.3,-0.9,,,
AND,2025-10-02,4.2,13.5,-1.4,,,,81.0,6.4,911.0,,1549.0,,1025.4,0.8,7.3,2.9,26.3,7.2,25.9,0.0,0.0,0.0,,166.0,,,,19.0,406.0,100.0,1.4,0.0,360.0,15.8,7.8,-1.4,,,
AND,2025-10-03,4.8,12.1,-2.1,,,,77.7,6.5,908.4,,1527.2,,1022.5,0.5,3.2,1.8,11.5,3.2,11.5,0.0,0.0,0.0,,121.0,,,,70.0,166.0,41.0,1.1,0.0,360.0,15.2,7.2,-0.8,,,
AND,2025-10-04,10.8,21.1,3.8,,,,72.7,8.9,900.5,,1466.6,,1013.8,2.8,17.6,10.1,63.4,16.7,60.1,360.0,4.3,4.3,,159.0,,,,48.0,355.0,89.0,2.6,0.0,176.0,9.2,1.2,2.7,,,
AND,2025-10-05,6.0,11.1,2.8,,,,81.1,7.5,904.9,,1498.1,,1018.6,1.3,7.5,4.7,27.0,7.4,26.6,0.0,0.1,0.1,,117.0,,,,65.0,149.0,37.0,1.2,0.0,360.0,14.0,6.0,-0.6,,,
AND,2025-10-06,6.7,11.1,3.8,,,,79.3,7.7,911.7,,1560.5,,1026.1,1.9,10.1,6.8,36.4,9.5,34.2,0.0,0.0,0.0,,131.0,,,,74.0,174.0,45.0,1.4,0.0,360.0,13.3,5.3,-0.8,,,
AND,2025-10-07,8.3,15.9,4.2,,,,84.6,9.1,912.4,,1569.8,,1026.9,0.6,6.2,2.2,22.3,6.0,21.6,0.0,0.0,0.0,,142.0,,,,41.0,326.0,85.0,1.3,0.0,297.0,11.7,3.7,-0.9,,,
AND,2025-10-08,8.7,18.3,2.2,,,,85.3,9.3,908.7,,1537.0,,1022.8,0.5,4.7,1.8,16.9,4.7,16.9,0.0,0.0,0.0,,144.0,,,,18.0,383.0,100.0,1.3,0.0,360.0,11.3,3.3,-1.0,,,
AND,2025-10-09,9.9,16.0,3.8,,,,86.8,10.5,910.4,,1555.3,,1024.6,1.0,7.7,3.6,27.7,7.5,27.0,0.0,0.0,0.0,,138.0,,,,44.0,315.0,84.0,1.3,0.0,349.0,10.1,2.1,-0.7,,,
AND,2025-10-10,11.0,17.1,6.3,,,,83.4,10.8,916.3,,1610.5,,1031.1,0.7,5.4,2.5,19.4,5.3,19.1,0.0,0.0,0.0,,132.0,,,,41.0,350.0,94.0,1.3,0.0,45.0,9.0,1.0,-1.0,,,
AND,2025-10-11,7.9,17.3,2.3,,,,84.4,8.7,917.0,,1610.1,,1032.0,0.5,4.4,1.8,15.8,4.3,15.5,0.0,0.0,0.0,,139.0,,,,16.0,371.0,100.0,1.2,0.0,360.0,12.1,4.1,-0.9,,,
AND,2025-10-12,7.3,16.3,1.4,,,,83.4,8.3,913.1,,1573.8,,1027.6,0.6,4.8,2.2,17.3,4.6,16.6,0.0,0.0,0.0,,137.0,,,,16.0,366.0,100.0,1.2,0.0,360.0,12.7,4.7,-1.0,,,
AND,2025-10-13,6.7,15.6,1.0,,,,83.3,7.9,910.1,,1546.3,,1024.4,0.5,5.9,1.8,21.2,5.7,20.5,0.0,0.0,0.0,,134.0,,,,16.0,362.0,100.0,1.1,0.0,360.0,13.3,5.3,-1.0,,,
AND,2025-10-14,7.0,13.1,1.8,,,,86.3,8.6,909.4,,1540.1,,1023.5,0.8,6.5,2.9,23.4,6.3,22.7,0.0,0.0,0.0,,126.0,,,,26.0,309.0,86.0,1.0,0.0,333.0,13.0,5.0,-0.7,,,
AND,2025-10-15,7.6,14.9,2.8,,,,82.8,8.5,909.1,,1539.0,,1023.2,0.5,5.2,1.8,18.7,5.2,18.7,0.0,0.0,0.0,0.0,126.0,,,,13.0,358.0,100.0,1.1,0.0,0.0,12.4,4.4,-0.9,,,
AND,2025-10-16,8.0,12.8,4.2,,,,81.2,8.6,907.8,,1528.1,,1021.8,1.0,7.0,3.6,25.2,6.7,24.1,0.0,0.0,0.0,0.0,125.0,,,,26.0,335.0,94.0,1.1,0.0,349.0,12.0,4.0,-0.9,,,
AND,2025-10-17,7.5,13.0,4.9,,,,75.8,7.8,907.6,,1525.3,,1021.6,1.1,6.5,4.0,23.4,6.4,23.0,0.0,0.0,0.0,0.0,127.0,,,,18.0,355.0,100.0,1.2,0.0,90.0,12.5,4.5,-1.2,,,
AND,2025-10-18,4.7,13.6,-0.6,,,,78.0,6.4,909.3,,1534.7,,1023.5,0.6,4.0,2.2,14.4,4.0,14.4,0.0,0.0,0.0,0.0,124.0,,,,12.0,353.0,100.0,1.0,0.0,153.0,15.3,7.3,-1.1,,,
AND,2025-10-19,9.7,15.7,-0.2,,,,58.8,6.8,905.3,,1508.3,,1019.0,3.5,14.7,12.6,52.9,14.2,51.1,350.0,0.0,0.0,0.0,100.0,,,,63.0,221.0,63.0,1.9,0.0,166.0,10.3,2.3,-1.4,,,
AND,2025-10-20,11.1,12.9,9.0,,,,54.6,7.2,897.8,,1442.9,,1010.8,4.2,13.1,15.1,47.2,12.8,46.1,690.0,0.0,0.0,0.0,33.0,,,,32.0,0.0,0.0,2.1,0.0,160.0,8.9,0.9,-0.5,,,
AND,2025-10-21,11.7,16.1,5.7,,,,60.0,8.0,893.4,,1403.6,,1006.0,3.1,12.0,11.2,43.2,11.7,42.1,780.0,0.0,0.0,0.0,70.0,,,,60.0,39.0,11.0,1.8,0.0,158.0,8.3,0.3,-0.6,,,
AND,2025-10-22,14.2,18.7,12.1,,,,49.2,8.0,893.2,,1405.6,,1005.8,4.8,13.9,17.3,50.0,13.6,49.0,930.0,0.0,0.0,0.0,100.0,,,,45.0,225.0,66.0,3.2,0.0,156.0,0.0,0.0,-1.6,,,
AND,2025-10-23,10.1,14.4,5.4,,,,75.6,9.1,888.0,,1350.9,,1000.0,3.0,15.8,10.8,56.9,15.4,55.4,350.0,5.7,5.7,0.0,31.0,,,,27.0,10.0,3.0,1.3,0.0,168.0,9.9,1.9,5.4,,,
AND,2025-10-24,4.0,9.9,0.1,,,,82.4,6.6,896.4,,1418.0,,1009.2,1.3,8.7,4.7,31.3,8.3,29.9,0.0,0.0,0.0,0.0,113.0,,,,16.0,335.0,100.0,0.9,0.0,14.0,16.0,8.0,-0.8,,,
AND,2025-10-25,4.9,14.6,-0.6,,,,80.3,6.8,895.9,,1414.9,,1008.7,1.4,13.4,5.0,48.2,13.1,47.2,90.0,0.2,0.1,0.0,93.0,,,,32.0,223.0,67.0,1.1,0.0,45.0,15.1,7.1,-0.5,,,
AND,2025-10-26,4.3,6.2,1.6,,,,87.2,7.3,897.3,,1427.1,,1010.3,1.3,8.4,4.7,30.2,8.3,29.9,0.0,0.4,0.5,0.0,42.0,,,,37.0,15.0,5.0,0.5,0.0,333.0,15.7,7.7,0.3,,,
AND,2025-10-27,1.6,4.7,-0.7,,,,91.4,6.2,898.4,,1431.9,,1011.4,0.8,4.0,2.9,14.4,4.0,14.4,0.0,13.1,13.1,0.0,34.0,,,,33.0,0.0,0.0,0.5,0.0,360.0,18.4,10.4,13.0,,,
AND,2025-10-28,2.1,8.6,-1.3,,,,95.9,6.8,904.4,,1486.2,,1018.0,0.5,2.6,1.8,9.4,2.5,9.0,0.0,0.0,0.0,0.0,102.0,,,,14.0,327.0,100.0,0.6,0.0,180.0,17.9,9.9,-0.2,,,
AND,2025-10-29,7.5,14.6,-1.4,,,,74.3,7.4,901.3,,1468.2,,1014.6,3.1,15.9,11.2,57.2,15.3,55.1,520.0,1.6,0.5,0.0,83.0,,,,35.0,199.0,62.0,1.3,0.0,173.0,12.5,4.5,-0.2,,,
AND,2025-10-30,8.4,15.2,2.5,,,,83.9,9.2,900.9,,1466.9,,1014.3,0.9,7.9,3.2,28.4,7.8,28.1,0.0,0.0,1.1,0.0,84.0,,,,20.0,290.0,91.0,0.8,0.0,153.0,11.6,3.6,0.6,,,
AND,2025-10-31,10.9,17.6,2.3,,,,75.8,9.6,904.7,,1505.7,,1018.4,2.0,12.4,7.2,44.6,11.9,42.8,240.0,0.0,0.0,0.0,61.0,,,,47.0,50.0,16.0,1.1,0.0,167.0,9.1,1.1,-0.3,,,
AND,2025-11-01,14.3,17.6,10.5,,,,58.8,9.5,905.1,,1516.1,,1018.9,2.5,10.1,9.0,36.4,10.0,36.0,450.0,0.0,0.0,0.0,58.0,,,,45.0,61.0,20.0,1.7,0.0,167.0,0.0,0.0,-0.5,,,
AND,2025-11-02,8.4,14.6,3.6,,,,86.2,9.4,902.9,,1484.3,,1016.4,1.5,11.0,5.4,39.6,10.7,38.5,50.0,16.8,16.8,0.0,14.0,,,,13.0,0.0,0.0,0.8,0.0,180.0,11.6,3.6,16.7,,,
AND,2025-11-03,3.8,9.5,-1.0,,,,90.1,7.2,910.9,,1546.8,,1025.2,0.7,3.4,2.5,12.2,3.4,12.2,0.0,0.0,0.0,0.0,99.0,,,,17.0,308.0,100.0,0.5,0.0,135.0,16.2,8.2,-0.4,,,
AND,2025-11-04,3.3,13.7,-2.3,,,,84.4,6.5,911.5,,1551.5,,1025.9,0.5,2.8,1.8,10.1,2.7,9.7,0.0,0.0,0.0,0.0,90.0,,,,8.0,306.0,100.0,0.6,0.0,153.0,16.7,8.7,-0.5,,,
AND,2025-11-05,5.5,17.8,-1.3,,,,60.8,5.2,908.1,,1525.7,,1022.1,0.9,5.5,3.2,19.8,5.5,19.8,0.0,0.0,0.0,0.0,91.0,,,,11.0,304.0,100.0,1.0,0.0,143.0,14.5,6.5,-1.1,,,
AND,2025-11-06,6.3,18.8,-1.6,,,,51.2,4.5,901.9,,1471.6,,1015.3,1.2,9.1,4.3,32.8,8.9,32.0,140.0,0.0,0.0,0.0,90.0,,,,9.0,301.0,100.0,1.2,0.0,172.0,13.7,5.7,-1.3,,,
AND,2025-11-07,5.6,16.4,-0.1,,,,66.1,5.8,899.2,,1446.2,,1012.3,0.8,6.4,2.9,23.0,6.2,22.3,30.0,0.0,0.0,0.0,77.0,,,,17.0,298.0,100.0,0.8,0.0,166.0,14.4,6.4,-0.9,,,
AND,2025-11-08,2.6,11.9,-1.8,,,,75.7,5.4,901.1,,1457.7,,1014.4,0.4,3.5,1.4,12.6,3.4,12.2,0.0,0.0,0.0,0.0,83.0,,,,7.0,296.0,100.0,0.5,0.0,0.0,17.4,9.4,-0.7,,,
AND,2025-11-09,3.9,9.0,-1.9,,,,81.1,6.5,904.9,,1494.1,,1018.6,0.5,3.4,1.8,12.2,3.3,11.9,0.0,0.0,0.0,0.0,49.0,,,,47.0,0.0,0.0,0.5,0.0,0.0,16.1,8.1,-0.2,,,
AND,2025-11-10,2.8,11.0,-1.7,,,,81.0,5.9,903.2,,1477.2,,1016.8,0.6,2.7,2.2,9.7,2.7,9.7,0.0,0.0,0.0,0.0,79.0,,,,9.0,292.0,100.0,0.5,0.0,153.0,17.2,9.2,-0.5,,,
AND,2025-11-11,2.6,11.6,-2.5,,,,77.6,5.6,905.3,,1494.8,,1019.0,0.5,3.1,1.8,11.2,3.0,10.8,0.0,0.0,0.0,0.0,79.0,,,,15.0,290.0,100.0,0.5,0.0,153.0,17.4,9.4,-0.6,,,
AND,2025-11-12,6.8,17.2,-1.5,,,,60.4,5.5,906.9,,1517.6,,1020.8,1.6,11.8,5.8,42.5,11.5,41.4,0.0,0.0,0.0,0.0,74.0,,,,21.0,286.0,100.0,1.2,0.0,151.0,13.2,5.2,-0.9,,,
AND,2025-11-13,7.8,16.9,0.8,,,,58.4,6.0,907.9,,1528.8,,1021.9,1.0,9.4,3.6,33.8,9.3,33.5,0.0,0.0,0.0,0.0,72.0,,,,21.0,284.0,100.0,0.9,0.0,135.0,12.2,4.2,-1.0,,,
AND,2025-11-14,11.1,15.3,2.0,,,,51.4,6.7,905.3,,1511.6,,1019.1,4.3,13.8,15.5,49.7,13.1,47.2,940.0,0.1,0.0,0.0,68.0,,,,45.0,113.0,40.0,1.9,0.0,166.0,8.9,0.9,-0.6,,,
AND,2025-11-15,10.3,14.1,5.9,,,,76.1,9.4,901.5,,1475.4,,1014.9,2.7,9.6,9.7,34.6,9.5,34.2,30.0,8.7,8.8,0.0,31.0,,,,24.0,30.0,11.0,1.0,0.0,163.0,9.7,1.7,8.6,,,
AND,2025-11-16,6.8,10.8,4.2,,,,92.9,9.2,897.4,,1431.9,,1010.3,1.0,7.1,3.6,25.6,6.9,24.8,0.0,9.4,3.8,0.0,20.0,,,,20.0,0.0,0.0,0.5,0.0,108.0,13.2,5.2,3.7,,,
AND,2025-11-17,4.4,8.2,-0.3,,,,91.6,7.8,896.3,,1417.8,,1009.1,1.2,9.4,4.3,33.8,9.0,32.4,0.0,2.4,8.0,0.0,29.0,,,,27.0,0.0,0.0,0.4,0.0,353.0,15.6,7.6,7.9,,,
AND,2025-11-18,-0.9,3.4,-4.9,,,,85.0,4.8,903.2,,1469.8,,1016.7,0.8,6.3,2.9,22.7,6.2,22.3,0.0,0.0,0.0,0.0,74.0,,,,10.0,271.0,100.0,0.3,0.0,360.0,20.9,12.9,-0.3,,,
AND,2025-11-19,-1.0,3.8,-6.7,,,,75.9,4.2,895.9,,1405.4,,1008.7,1.7,15.4,6.1,55.4,15.1,54.4,180.0,0.1,0.0,0.0,61.0,,,,33.0,168.0,63.0,0.5,0.0,190.0,21.0,13.0,-0.4,,,
AND,2025-11-20,0.1,3.4,-2.2,,,,75.8,4.6,894.4,,1394.2,,1007.0,1.7,8.9,6.1,32.0,8.7,31.3,40.0,0.1,0.2,0.0,72.0,,,,26.0,207.0,78.0,0.5,0.0,346.0,19.9,11.9,-0.2,,,
AND,2025-11-21,-2.3,-0.8,-3.8,,,,79.1,4.1,899.1,,1432.1,,1012.3,1.6,7.2,5.8,25.9,7.1,25.6,0.0,0.0,0.0,0.0,23.0,,,,22.0,0.0,0.0,0.4,0.0,356.0,22.3,14.3,-0.1,,,
AND,2025-11-22,-4.3,-1.0,-9.0,,,,73.1,3.2,906.6,,1493.3,,1020.5,1.4,8.0,5.0,28.8,7.8,28.1,0.0,0.0,0.0,0.0,68.0,,,,13.0,258.0,99.0,0.3,0.0,349.0,24.3,16.3,-0.5,,,
AND,2025-11-23,-3.8,4.9,-10.8,,,,66.3,2.9,900.8,,1443.7,,1014.1,1.9,17.8,6.8,64.1,17.3,62.3,120.0,0.0,0.0,0.0,63.0,,,,15.0,238.0,92.0,0.7,0.0,167.0,23.8,15.8,-0.6,,,
AND,2025-11-24,5.0,7.4,1.3,,,,61.9,5.3,889.5,,1357.3,,1001.6,4.3,14.1,15.5,50.8,13.5,48.6,970.0,5.6,0.0,0.0,28.0,,,,26.0,0.0,0.0,1.3,0.0,184.0,15.0,7.0,-0.2,,,
AND,2025-11-25,0.8,2.4,-0.2,,,,95.4,6.2,889.4,,1350.9,,1001.6,0.5,3.7,1.8,13.3,3.6,13.0,0.0,1.9,6.4,2.0,38.0,,,,32.0,21.0,8.0,0.3,0.0,360.0,19.2,11.2,6.4,,,
AND,2025-11-26,-0.2,1.6,-1.5,,,,91.0,5.5,899.7,,1440.9,,1012.9,1.0,6.0,3.6,21.6,5.8,20.9,0.0,0.2,1.3,1.0,41.0,,,,32.0,37.0,15.0,0.3,0.0,352.0,20.2,12.2,1.2,,,
AND,2025-11-27,-2.8,0.4,-7.8,,,,85.0,4.2,907.8,,1506.8,,1021.8,0.6,3.6,2.2,13.0,3.5,12.6,0.0,0.0,0.0,0.0,40.0,,,,24.0,96.0,39.0,0.2,0.0,90.0,22.8,14.8,-0.2,,,
AND,2025-11-28,-5.1,0.9,-9.5,,,,88.5,3.7,907.3,,1497.9,,1021.3,0.4,2.4,1.4,8.6,2.3,8.3,0.0,0.0,0.0,0.0,60.0,,,,5.0,248.0,100.0,0.2,0.0,135.0,25.1,17.1,-0.2,,,
AND,2025-11-29,-0.8,4.2,-3.2,,,,90.5,5.2,902.3,,1462.7,,1015.8,0.4,1.7,1.4,6.1,1.7,6.1,0.0,0.0,0.0,0.0,39.0,,,,32.0,37.0,15.0,0.3,0.0,135.0,20.8,12.8,-0.1,,,
AND,2025-11-30,0.8,6.3,-3.6,,,,92.7,6.0,900.5,,1449.6,,1013.8,0.4,1.9,1.4,6.8,1.8,6.5,0.0,2.1,0.4,0.0,46.0,,,,39.0,20.0,8.0,0.2,0.0,135.0,19.2,11.2,0.4,,,
AND,2025-12-01,1.1,4.1,-0.1,,,,95.8,6.3,903.9,,1480.3,,1017.6,0.5,2.7,1.8,9.7,2.7,9.7,0.0,0.0,1.7,0.0,44.0,,,,20.0,124.0,51.0,0.2,0.0,135.0,18.9,10.9,1.6,,,
AND,2025-12-02,2.9,8.7,-0.6,,,,82.6,6.1,901.3,,1460.3,,1014.7,1.0,7.6,3.6,27.4,7.5,27.0,70.0,0.0,0.0,0.0,34.0,,,,31.0,1.0,0.0,0.5,0.0,169.0,17.1,9.1,-0.1,,,
AND,2025-12-03,3.0,9.8,-1.4,,,,75.7,5.6,898.9,,1439.6,,1012.1,1.0,8.7,3.6,31.3,8.6,31.0,250.0,0.0,0.0,0.0,45.0,,,,26.0,87.0,36.0,0.5,0.0,171.0,17.0,9.0,-0.2,,,
AND,2025-12-04,1.8,8.6,-1.7,,,,80.7,5.4,894.8,,1400.4,,1007.5,1.4,11.1,5.0,40.0,10.9,39.2,250.0,4.4,0.0,0.0,34.0,,,,31.0,0.0,0.0,0.6,0.0,158.0,18.2,10.2,-0.1,,,
AND,2025-12-05,-0.2,2.0,-4.2,,,,97.5,5.9,897.7,,1423.0,,1010.7,0.2,1.4,0.7,5.0,1.3,4.7,0.0,0.4,4.8,3.0,36.0,,,,31.0,4.0,2.0,0.2,0.0,90.0,20.2,12.2,4.8,,,
AND,2025-12-06,-1.4,3.6,-5.3,,,,94.1,5.2,900.6,,1446.3,,1013.8,0.6,3.4,2.2,12.2,3.3,11.9,0.0,0.0,0.0,1.0,51.0,,,,24.0,222.0,94.0,0.2,0.0,117.0,21.4,13.4,-0.1,,,
AND,2025-12-07,0.8,3.7,-3.0,,,,92.3,6.0,903.7,,1478.1,,1017.3,0.7,3.3,2.5,11.9,3.2,11.5,0.0,2.6,2.5,0.0,24.0,,,,23.0,0.0,0.0,0.3,0.0,90.0,19.2,11.2,2.5,,,
AND,2025-12-08,3.3,9.4,-0.6,,,,95.1,7.4,908.7,,1526.5,,1022.8,0.7,3.6,2.5,13.0,3.5,12.6,0.0,0.0,0.1,0.0,54.0,,,,17.0,226.0,97.0,0.2,0.0,153.0,16.7,8.7,0.0,,,
AND,2025-12-09,4.0,14.3,-1.5,,,,78.8,6.2,908.4,,1525.7,,1022.5,1.2,10.1,4.3,36.4,9.7,34.9,60.0,0.0,0.0,0.0,50.0,,,,8.0,230.0,100.0,0.6,0.0,157.0,16.0,8.0,-0.3,,,
AND,2025-12-10,1.5,8.7,-2.0,,,,77.1,5.2,910.0,,1534.2,,1024.2,0.5,2.7,1.8,9.7,2.7,9.7,0.0,0.0,0.0,0.0,49.0,,,,4.0,229.0,100.0,0.3,0.0,135.0,18.5,10.5,-0.3,,,
AND,2025-12-11,0.8,6.1,-2.8,,,,85.0,5.5,910.6,,1537.9,,1024.8,0.5,2.3,1.8,8.3,2.3,8.3,0.0,0.0,0.0,0.0,32.0,,,,30.0,3.0,1.0,0.3,0.0,135.0,19.2,11.2,-0.1,,,
AND,2025-12-12,1.0,7.3,-3.9,,,,79.5,5.2,910.5,,1537.7,,1024.8,0.4,2.4,1.4,8.6,2.4,8.6,0.0,0.0,0.0,0.0,46.0,,,,9.0,226.0,100.0,0.2,0.0,135.0,19.0,11.0,-0.2,,,
AND,2025-12-13,0.1,7.1,-3.0,,,,74.8,4.6,913.3,,1560.4,,1027.9,0.4,2.0,1.4,7.2,1.9,6.8,0.0,0.0,0.0,0.0,48.0,,,,4.0,226.0,100.0,0.2,0.0,135.0,19.9,11.9,-0.3,,,
AND,2025-12-14,-0.2,6.7,-4.2,,,,74.4,4.4,911.8,,1546.4,,1026.2,0.5,2.8,1.8,10.1,2.7,9.7,0.0,0.0,0.0,0.0,48.0,,,,4.0,225.0,100.0,0.2,0.0,135.0,20.2,12.2,-0.3,,,
AND,2025-12-15,4.6,11.6,-2.9,,,,53.0,4.3,907.8,,1521.0,,1021.8,1.6,11.6,5.8,41.8,11.2,40.3,370.0,0.0,0.0,0.0,43.0,,,,12.0,189.0,84.0,0.9,0.0,157.0,15.4,7.4,-0.4,,,
AND,2025-12-16,7.3,10.9,1.1,,,,57.8,5.9,903.8,,1490.5,,1017.4,3.7,13.4,13.3,48.2,13.3,47.9,680.0,0.0,0.0,0.0,23.0,,,,22.0,0.0,0.0,1.4,0.0,156.0,12.7,4.7,-0.1,,,
AND,2025-12-17,5.0,8.2,1.8,,,,85.9,7.5,907.5,,1519.7,,1021.5,0.4,2.4,1.4,8.6,2.3,8.3,0.0,0.2,0.2,0.0,29.0,,,,24.0,17.0,8.0,0.3,0.0,45.0,15.0,7.0,0.1,,,
AND,2025-12-18,5.9,11.3,0.4,,,,68.9,6.2,911.1,,1553.5,,1025.5,2.2,14.1,7.9,50.8,13.3,47.9,310.0,0.0,0.0,0.0,50.0,,,,12.0,214.0,96.0,0.8,0.0,156.0,14.1,6.1,-0.3,,,
AND,2025-12-19,4.0,9.5,-0.5,,,,72.9,5.9,910.4,,1543.2,,1024.7,0.7,5.3,2.5,19.1,5.2,18.7,0.0,0.0,0.0,0.0,38.0,,,,29.0,33.0,15.0,0.4,0.0,135.0,16.0,8.0,-0.1,,,
AND,2025-12-20,4.2,13.4,-1.2,,,,71.2,5.7,903.8,,1484.4,,1017.3,1.1,9.3,4.0,33.5,8.9,32.0,170.0,0.0,0.0,0.0,35.0,,,,17.0,97.0,44.0,0.7,0.0,141.0,15.8,7.8,-0.2,,,
AND,2025-12-21,7.4,13.1,1.2,,,,57.3,5.6,899.2,,1449.5,,1012.4,3.4,13.2,12.2,47.5,13.0,46.8,800.0,0.0,0.0,0.0,50.0,,,,14.0,221.0,100.0,1.4,0.0,162.0,12.6,4.6,-0.4,,,
AND,2025-12-22,7.1,10.0,2.2,,,,45.5,4.5,898.2,,1439.4,,1011.2,4.1,12.2,14.8,43.9,11.9,42.8,590.0,0.0,0.0,0.0,34.0,,,,29.0,0.0,0.0,1.8,0.0,161.0,12.9,4.9,-0.2,,,
AND,2025-12-23,1.7,8.1,-3.2,,,,74.9,5.1,897.5,,1424.8,,1010.5,0.8,6.9,2.9,24.8,6.5,23.4,0.0,0.0,0.0,0.0,36.0,,,,30.0,1.0,0.0,0.4,0.0,18.0,18.3,10.3,-0.1,,,
AND,2025-12-24,-2.5,-1.2,-4.5,,,,91.0,4.6,898.9,,1430.1,,1012.0,0.9,3.9,3.2,14.0,3.8,13.7,0.0,0.4,0.4,0.0,7.0,,,,6.0,0.0,0.0,0.3,0.0,333.0,22.5,14.5,0.4,,,
AND,2025-12-25,-1.2,4.7,-5.6,,,,91.2,5.2,905.1,,1486.4,,1018.8,0.4,2.3,1.4,8.3,2.2,7.9,0.0,0.0,0.0,0.0,31.0,,,,22.0,56.0,25.0,0.2,0.0,135.0,21.2,13.2,-0.1,,,
AND,2025-12-26,-0.5,6.3,-4.2,,,,77.2,4.5,909.8,,1528.2,,1024.0,0.6,3.1,2.2,11.2,3.0,10.8,0.0,0.0,0.0,0.0,47.0,,,,5.0,223.0,100.0,0.3,0.0,135.0,20.5,12.5,-0.2,,,
AND,2025-12-27,-0.6,6.8,-5.3,,,,67.0,3.9,912.7,,1553.6,,1027.2,0.5,2.7,1.8,9.7,2.7,9.7,0.0,0.0,0.0,0.0,48.0,,,,4.0,224.0,100.0,0.3,0.0,135.0,20.6,12.6,-0.3,,,
AND,2025-12-28,-1.6,6.2,-6.1,,,,69.1,3.7,909.7,,1525.4,,1023.9,0.5,3.0,1.8,10.8,3.0,10.8,0.0,0.0,0.0,0.0,49.0,,,,4.0,225.0,100.0,0.2,0.0,135.0,21.6,13.6,-0.3,,,
AND,2025-12-29,-1.0,7.5,-6.3,,,,68.1,3.8,905.8,,1493.0,,1019.6,0.4,2.0,1.4,7.2,1.9,6.8,0.0,0.0,0.0,0.0,49.0,,,,4.0,226.0,100.0,0.2,0.0,153.0,21.0,13.0,-0.3,,,
AND,2025-12-30,-5.1,-3.0,-8.5,,,,85.2,3.5,906.7,,1493.1,,1020.7,0.8,4.5,2.9,16.2,4.4,15.8,0.0,0.0,0.0,0.0,13.0,,,,11.0,4.0,2.0,0.3,0.0,342.0,25.1,17.1,-0.1,,,
AND,2025-12-31,-7.0,-2.4,-10.2,,,,79.3,2.8,907.3,,1493.9,,1021.2,0.3,2.2,1.1,7.9,2.1,7.6,0.0,0.0,0.0,0.0,48.0,,,,5.0,227.0,100.0,0.1,0.0,135.0,27.0,19.0,-0.2,,,
